author,Methodological research,Open source development,Clinical evidence generation,Open community data standards,paperCount
"Ryan, P",91,9,73,25,198
"Schuemie, M",67,8,42,10,127
"Hripcsak, G",49,3,57,12,121
"Prieto-Alhambra, D",13,3,79,6,101
"Rijnbeek, P",34,11,37,8,90
"Suchard, M",39,5,43,0,87
"Park, R",10,4,49,17,80
"Kim, J",6,1,47,16,70
"You, S",7,3,42,17,69
"Reich, C",12,1,34,19,66
"Duarte-Salles, T",9,4,48,2,63
"Kim, S",4,1,34,12,51
"Ostropolets, A",12,1,28,7,48
"Reps, J",30,5,11,1,47
"Burn, E",2,3,36,5,46
"Lee, S",2,1,34,9,46
"Shah, N",13,3,21,7,44
"Falconer, T",11,1,29,1,42
"Madigan, D",30,1,9,1,41
"Delmestri, A",0,2,33,1,36
"Weng, C",14,4,5,13,36
"Kim, Y",3,0,28,3,34
"Prats-Uribe, A",4,1,28,0,33
"Kostka, K",6,0,24,2,32
"Blacketer, C",2,2,20,7,31
"Matheny, M",3,1,22,5,31
"Sedlmayr, M",2,4,0,25,31
"Sena, A",3,3,24,0,30
"DuVall, S",4,0,21,4,29
"Kim, C",6,1,18,4,29
"Morales, D",3,0,25,1,29
"Pratt, N",7,1,18,3,29
"Chen, Y",14,1,11,2,28
"Golozar, A",5,0,22,1,28
"Kim, K",1,0,22,5,28
"Park, J",1,2,21,4,28
"Yoo, S",4,0,14,9,27
"Alshammari, T",5,0,20,1,26
"Park, S",1,0,19,6,26
"Verhamme, K",5,4,17,0,26
"Williams, R",17,2,6,1,26
"Lee, D",0,0,21,4,25
"Natarajan, K",3,0,11,11,25
"Lu, Y",6,0,15,2,23
"Swerdel, J",9,3,11,0,23
"Williams, A",7,0,8,8,23
"Defalco, F",4,3,12,3,22
"Lee, H",3,0,14,5,22
"Lee, J",3,1,15,3,22
"Li, X",7,2,9,4,22
"Minty, E",8,0,13,1,22
"Stang, P",9,1,8,4,22
"Tatonetti, N",8,2,7,5,22
"Zhang, L",7,0,15,0,22
"Català, M",0,3,17,1,21
"Kim, H",0,1,17,3,21
"Lee, Y",1,0,15,5,21
"Banda, J",5,2,7,6,20
"Kolde, R",2,3,11,4,20
"Lee, K",1,0,17,2,20
"Nyberg, F",6,0,14,0,20
"Voss, E",5,1,7,7,20
"Kahn, M",1,0,5,13,19
"Kim, M",0,1,17,1,19
"Lynch, K",3,0,14,2,19
"Nagy, P",3,0,11,5,19
"Spotnitz, M",4,0,10,5,19
"Fernandez-Bertolin, S",3,1,12,2,18
"Kors, J",12,1,5,0,18
"Mayer, M",4,2,10,2,18
"Rao, G",6,2,9,1,18
"Shoaibi, A",4,1,12,1,18
"Henke, E",1,2,0,14,17
"Krumholz, H",1,0,15,1,17
"Nishimura, A",3,0,14,0,17
"Peng, Y",1,2,1,13,17
"Ramírez-Anguita, J",4,2,9,2,17
"Xu, H",5,3,5,4,17
"Areia, C",4,0,12,0,16
"Bathelt, F",1,2,0,13,16
"Boland, M",4,1,7,4,16
"Lai, L",6,0,10,0,16
"Man, W",0,2,14,0,16
"Posada, J",1,1,14,0,16
"Reinecke, I",2,4,0,10,16
"Seager, S",1,0,14,1,16
"Weaver, J",3,1,12,0,16
"Bu, F",3,0,12,0,15
"Cha, J",0,0,14,1,15
"Chen, J",2,1,10,2,15
"Cho, J",0,1,11,3,15
"Choi, J",2,0,10,3,15
"Choi, S",0,0,10,5,15
"Huser, V",1,2,5,7,15
"Jödicke, A",1,1,12,1,15
"Li, J",2,1,7,5,15
"Man, K",1,0,12,2,15
"Pistillo, A",0,0,14,1,15
"Rhee, S",1,0,14,0,15
"Schilling, L",0,0,11,4,15
"Zoch, M",1,2,0,12,15
"Khalid, S",2,1,10,1,14
"Makadia, R",2,2,8,2,14
"Newby, D",0,1,12,1,14
"Reyes, C",0,0,13,1,14
"Seo, S",2,0,12,0,14
"Tong, J",10,0,4,0,14
"Alghoul, H",1,0,12,0,13
"Alser, O",0,0,13,0,13
"Duke, J",2,3,5,3,13
"Jiang, G",1,2,0,10,13
"Lane, J",1,0,12,0,13
"Liu, H",5,3,1,4,13
"Tan, E",1,0,11,1,13
"Xie, J",0,0,12,1,13
"Berlin, J",6,0,6,0,12
"Brash, J",1,1,9,1,12
"Casajust, P",3,0,9,0,12
"Chen, R",2,0,8,2,12
"Forrest, C",3,0,7,2,12
"Fridgeirsson, E",8,1,3,0,12
"Hardin, J",3,2,7,0,12
"Hussein, R",0,1,0,11,12
"John, L",6,0,6,0,12
"Li, L",4,1,7,0,12
"Mosseveld, M",0,2,9,1,12
"Shin, S",1,0,7,4,12
"Van Zandt, M",3,0,8,1,12
"Zhang, X",1,0,7,4,12
"Baek, H",2,0,5,4,11
"Chute, C",3,0,4,4,11
"Conover, M",4,1,6,0,11
"Dawoud, D",1,1,8,1,11
"Fortin, S",4,1,5,1,11
"Haendel, M",3,0,5,3,11
"Kim, D",2,0,8,1,11
"Oja, M",1,2,4,4,11
"Park, C",0,0,8,3,11
"Park, H",0,0,7,4,11
"Park, Y",1,1,5,4,11
"Roel, E",0,0,10,1,11
"Ta, C",5,1,3,2,11
"Yin, C",0,0,11,0,11
"Zhang, B",3,0,7,1,11
"Zhang, Y",1,1,7,2,11
"Aragon, M",2,0,7,1,10
"Choi, B",2,0,6,2,10
"Dorr, D",0,0,8,2,10
"Hartzema, A",7,0,0,3,10
"Jeong, C",0,0,7,3,10
"Jonnagaddala, J",3,0,5,2,10
"Kim, B",0,0,8,2,10
"Meeker, D",0,1,2,7,10
"Mercadé-Besora, N",1,2,7,0,10
"Park, K",0,0,8,2,10
"Pfaff, E",2,0,4,4,10
"Recalde, M",0,0,9,1,10
"Vizcaya, D",1,1,8,0,10
"Wang, L",1,1,6,2,10
"Zhou, T",1,1,8,0,10
"Ahmed, W",0,0,9,0,9
"Baxter, S",0,1,4,4,9
"Bian, J",6,0,2,1,9
"Burkard, T",1,0,6,2,9
"Callahan, T",1,0,1,7,9
"Cho, S",1,0,2,6,9
"Guo, Y",1,4,4,0,9
"Khera, R",1,0,8,0,9
"Lau, W",0,0,9,0,9
"Markus, A",6,1,2,0,9
"Martin, B",2,0,6,1,9
"Park, M",1,0,5,3,9
"Prokosch, H",0,4,0,5,9
"Shin, W",0,0,9,0,9
"Trinh, N",0,0,7,2,9
"Viernes, B",1,0,6,2,9
"Wang, Y",1,1,4,3,9
"Wong, I",1,1,5,2,9
"Zhang, D",3,0,6,0,9
"van der Lei, J",5,1,2,1,9
"Butler, A",5,1,1,1,8
"Cai, C",1,0,5,2,8
"Davydov, A",0,0,2,6,8
"Fife, D",4,0,3,1,8
"Gong, M",0,0,8,0,8
"Hong, N",1,2,3,2,8
"Jang, J",0,0,7,1,8
"Joo, H",0,0,4,4,8
"Jung, S",0,0,5,3,8
"Katsch, F",0,0,0,8,8
"Kern, D",2,1,5,0,8
"Lambert, C",1,0,6,1,8
"Lamer, A",0,2,0,6,8
"Liaw, S",3,0,1,4,8
"Liu, C",2,0,3,3,8
"Lopez-Güell, K",0,3,4,1,8
"Moffitt, R",3,0,4,1,8
"Natsiavas, P",1,0,5,2,8
"Oliveira, J",1,3,0,4,8
"Overhage, J",5,0,0,3,8
"Reisberg, S",1,2,2,3,8
"Ryu, B",3,0,3,2,8
"Seo, W",0,0,8,0,8
"Shang, N",3,2,0,3,8
"Sturkenboom, M",4,0,2,2,8
"Wu, Q",3,0,5,0,8
"Yu, Y",1,0,0,7,8
"Yuan, Z",1,0,7,0,8
"Almeida, J",2,3,0,2,7
"Arshad, F",4,0,3,0,7
"Barclay, N",0,0,6,1,7
"Bate, A",4,0,2,1,7
"Bhattacharjee, T",0,0,0,7,7
"Brown, J",0,1,0,6,7
"Carroll, R",0,1,3,3,7
"Chai, Y",0,0,7,0,7
"Chen, X",0,2,4,1,7
"Denny, J",1,1,1,4,7
"DuMouchel, W",7,0,0,0,7
"Duftschmid, G",0,0,0,7,7
"Dymshyts, D",0,0,1,6,7
"Gilbert, J",2,3,2,0,7
"Goetz, K",0,0,5,2,7
"Hong, S",1,0,4,2,7
"Hribar, M",0,0,5,2,7
"Hsu, J",0,0,6,1,7
"Hwang, H",0,0,5,2,7
"Jhaveri, R",2,0,5,0,7
"Kiragga, A",0,0,0,7,7
"Li, Y",1,2,2,2,7
"Mosa, A",0,0,6,1,7
"Murphy, S",1,1,0,5,7
"Nguyen, P",0,0,5,2,7
"Nordeng, H",0,0,6,1,7
"Oh, S",1,0,2,4,7
"Pineda-Moncusí, M",1,0,6,0,7
"Raventós, B",0,1,5,1,7
"Rekkas, A",4,0,2,1,7
"Seinen, T",6,0,1,0,7
"Shah, K",0,0,7,0,7
"Strauss, V",2,0,5,0,7
"Subbian, V",0,0,6,1,7
"Sun, Y",3,2,0,2,7
"Uusküla, A",0,0,7,0,7
"Wang, S",1,1,3,2,7
"Wei, W",1,0,0,6,7
"Yang, C",6,1,0,0,7
"Yu, D",0,0,4,3,7
"Zhou, J",2,0,4,1,7
"van Mulligen, E",4,0,3,0,7
"Ahmadi, N",1,0,0,5,6
"Ahn, S",0,0,6,0,6
"Aminorroaya, A",1,0,5,0,6
"Bailey, L",1,0,2,3,6
"Bennett, T",2,0,2,2,6
"Blasini, R",0,5,0,1,6
"Boyce, R",1,1,1,3,6
"Cepeda, M",1,0,5,0,6
"Choi, H",1,0,5,0,6
"Choi, I",0,0,3,3,6
"Christakis, D",1,0,5,0,6
"Cornet, R",0,1,0,5,6
"Dedman, D",0,0,6,0,6
"Delange, B",0,2,1,3,6
"Denaxas, S",1,0,3,2,6
"Desai, P",1,0,5,0,6
"Dhingra, L",1,0,5,0,6
"Du, M",1,3,2,0,6
"Dudley, J",0,1,5,0,6
"Greenfield, J",0,0,0,6,6
"Horban, S",0,1,4,1,6
"Hughes, N",1,2,2,1,6
"Jeon, H",2,0,2,2,6
"Kim, W",1,0,5,0,6
"Knoll, C",2,3,0,1,6
"Ko, S",0,0,4,2,6
"Lee, E",0,0,6,0,6
"Martínez, Á",1,0,3,2,6
"Mathioudakis, N",0,0,6,0,6
"McMurry, J",1,0,4,1,6
"Moinat, M",0,0,1,5,6
"Ochola, M",0,0,0,6,6
"Park, E",0,0,6,0,6
"Pera, V",3,0,3,0,6
"Rasmussen, L",1,2,0,3,6
"Son, S",0,0,6,0,6
"Todd, J",0,0,0,6,6
"Torre, C",1,0,5,0,6
"Trifirò, G",3,0,1,2,6
"Weiskopf, N",0,0,3,3,6
"Wen, A",1,1,0,4,6
"Wolfien, M",1,0,0,5,6
"Yoo, J",0,0,6,0,6
"Yoon, J",0,0,5,1,6
"Zhou, Y",2,1,1,2,6
"Abedian, S",0,0,0,5,5
"Abrahao, M",2,0,3,0,5
"Amadi, D",0,0,0,5,5
"Anand, A",2,0,1,2,5
"Anand, T",1,0,4,0,5
"Asch, D",3,0,2,0,5
"Becich, M",0,1,3,1,5
"Belenkaya, R",1,0,0,4,5
"Boo, D",0,0,4,1,5
"Brand, M",3,0,1,1,5
"Callahan, A",2,1,1,1,5
"Chen, H",0,0,4,1,5
"Chen, Z",2,1,1,1,5
"Chung, Y",0,0,5,0,5
"Coloma, P",4,0,0,1,5
"Cuggia, M",0,1,1,3,5
"De Keizer, N",0,1,0,4,5
"Evans-Axelsson, S",1,0,4,0,5
"Gabriel, D",0,0,2,3,5
"Giannini, J",0,0,1,4,5
"Gini, R",2,0,1,2,5
"Girvin, A",2,0,2,1,5
"Gruhl, M",0,1,0,4,5
"Gögenur, I",3,0,2,0,5
"He, Y",0,0,3,2,5
"Hester, L",0,0,5,0,5
"Hsu, M",0,0,4,1,5
"Im, Y",0,0,3,2,5
"Jiang, X",0,0,4,1,5
"Jo, S",0,0,4,1,5
"Jung, C",0,0,5,0,5
"Kaas-Hansen, B",2,0,3,0,5
"Kim, E",0,0,4,1,5
"Lee, C",0,0,4,1,5
"Lehmann, H",2,0,1,2,5
"Leis, A",1,2,2,0,5
"Li, K",2,0,3,0,5
"Liang, C",4,0,1,0,5
"Maljković, F",1,1,3,0,5
"Mehta, P",0,0,5,0,5
"Morgan-Cooper, H",0,0,5,0,5
"N'Dow, J",1,0,4,0,5
"Norén, G",1,1,2,1,5
"Ohno-Machado, L",1,0,1,3,5
"Ong, T",0,0,3,2,5
"Pacheco, J",1,2,0,2,5
"Palomar-Cros, A",0,0,5,0,5
"Papez, V",1,0,2,2,5
"Park, D",1,1,1,2,5
"Popoff, B",0,2,0,3,5
"Prats, C",0,0,5,0,5
"Prinsen, P",0,0,5,0,5
"Pérez-Crespo, L",0,0,5,0,5
"Rosen, A",3,0,2,0,5
"Simon, K",2,0,3,0,5
"Song, S",0,0,5,0,5
"Steinbeisser, C",0,1,4,0,5
"Thangaraj, P",1,2,2,0,5
"Toy, B",0,0,4,1,5
"Utidjian, L",1,1,2,1,5
"Vashisht, R",1,0,4,0,5
"Vilo, J",0,2,0,3,5
"Walden, A",0,0,3,2,5
"Warner, J",1,0,0,4,5
"Weinstein, R",3,0,2,0,5
"Wilcox, A",0,1,3,1,5
"Williams, D",0,0,4,1,5
"Yang, H",0,0,4,1,5
"Yang, J",1,1,3,0,5
"Yi, S",0,0,2,3,5
"Yuan, C",1,2,1,1,5
"Zorych, I",5,0,0,0,5
"Zozus, M",0,1,0,4,5
"de Wilde, M",0,0,5,0,5
"Abbott, T",0,0,4,0,4
"Abellan, A",0,0,3,1,4
"Abrahamsen, B",0,0,4,0,4
"Alcalde-Herraiz, M",0,1,3,0,4
"Alloni, A",0,2,1,1,4
"Andeso, P",0,0,0,4,4
"Avilés-Jurado, F",0,0,4,0,4
"Bae, J",0,0,4,0,4
"Barboza, C",0,1,3,0,4
"Berman, L",0,0,0,4,4
"Bissell, M",1,0,1,2,4
"Bjartell, A",1,0,3,0,4
"Black, A",1,2,0,1,4
"Bracons Cucó, G",0,0,0,4,4
"Bradwell, K",1,0,2,1,4
"Chan You, S",0,0,4,0,4
"Chang, D",0,0,4,0,4
"Chen, A",0,0,3,1,4
"Cheong, J",1,0,2,1,4
"Choi, Y",2,0,2,0,4
"Chytas, A",0,0,2,2,4
"Cimino, J",0,0,0,4,4
"Cook, M",0,0,4,0,4
"Cornford, P",1,0,3,0,4
"Didden, E",0,0,3,1,4
"Duan, R",3,0,1,0,4
"Fan, R",0,0,4,0,4
"Fang, Y",1,1,1,1,4
"Frid, S",0,0,0,4,4
"Gandaglia, G",1,0,3,0,4
"Ganslandt, T",0,0,0,4,4
"Giangreco, N",1,2,1,0,4
"Giuliodori, A",0,1,3,0,4
"Griffier, R",1,0,2,1,4
"Guo, J",0,0,2,2,4
"Gurley, M",0,0,0,4,4
"Halfpenny, W",0,1,0,3,4
"Harpaz, R",3,0,0,1,4
"Haug, M",1,1,1,1,4
"Haynes, K",1,0,3,0,4
"He, X",2,0,1,1,4
"Heider, P",1,2,0,1,4
"Hijazy, A",0,0,4,0,4
"Jeon, J",0,0,3,1,4
"Jeon, K",0,0,0,4,4
"Jeon, Y",0,0,3,1,4
"Jin, P",1,1,2,0,4
"Johnson, S",1,0,0,3,4
"Jung, H",0,0,2,2,4
"Jung, K",0,0,4,0,4
"Kang, T",0,2,0,2,4
"Khare, R",0,1,0,3,4
"Kim, G",1,0,2,1,4
"Kim, I",0,0,4,0,4
"Kim, T",0,0,3,1,4
"Kiwuwa-Muyingo, S",0,0,0,4,4
"Klann, J",0,1,0,3,4
"Kohler, S",0,0,0,4,4
"Kolovos, S",0,0,4,0,4
"Krastev, E",0,0,2,2,4
"Labarga, A",0,0,0,4,4
"Laur, S",0,1,0,3,4
"Lee, A",0,0,2,2,4
"Lei, Y",0,0,4,0,4
"Liu, F",1,0,2,1,4
"Liu, Y",0,0,4,0,4
"Luo, C",3,0,1,0,4
"Luo, Y",1,2,0,1,4
"Machado, A",1,0,3,0,4
"Manna, A",2,0,1,1,4
"Matcho, A",2,0,0,2,4
"Mateu, L",0,0,4,0,4
"McLeggon, J",2,0,2,0,4
"Meystre, S",1,2,0,1,4
"Moore, J",2,0,1,1,4
"Mooses, K",0,1,0,3,4
"Morris, J",0,0,3,1,4
"Moskovitch, R",4,0,0,0,4
"Nicoletti, R",1,0,3,0,4
"Ostchega, Y",0,0,0,4,4
"Palchuk, M",0,0,1,3,4
"Paredes, R",0,0,4,0,4
"Park, B",0,1,3,0,4
"Park, T",0,0,4,0,4
"Parrot, A",0,1,0,3,4
"Perotte, A",2,0,1,1,4
"Phuong, J",0,0,0,4,4
"Rao, S",1,0,3,0,4
"Rappoport, N",1,1,1,1,4
"Razzaghi, H",0,0,2,2,4
"Reeves, R",0,1,0,3,4
"Rho, Y",1,0,2,1,4
"Rivera, D",1,0,1,2,4
"Rogers, J",1,0,2,1,4
"Rosenthal, N",0,0,4,0,4
"Ross, J",1,0,2,1,4
"Ruddy, K",1,0,0,3,4
"Sauermann, S",0,1,0,3,4
"Setoguchi, S",0,0,2,2,4
"Song, J",0,0,3,1,4
"Song, W",1,0,1,2,4
"Steyerberg, E",4,0,0,0,4
"Stocking, J",0,0,3,1,4
"Storf, H",1,0,0,3,4
"Sung, C",1,0,2,1,4
"Tang, H",0,0,4,0,4
"Taylor, B",1,0,3,0,4
"Tcharaktchiev, D",0,0,2,2,4
"Thurin, N",3,0,1,0,4
"Tian, Y",2,1,1,0,4
"Topaloglu, U",0,1,1,2,4
"Van Hemelrijck, M",2,0,2,0,4
"Van Sandijk, S",0,0,1,3,4
"Van Speybroeck, M",0,0,2,2,4
"Wang, F",2,2,0,0,4
"Weidner, J",0,0,0,4,4
"Welebob, E",3,0,0,1,4
"Westlund, E",0,0,4,0,4
"Willemse, P",1,0,3,0,4
"Wu, Y",1,0,3,0,4
"Xu, B",0,0,2,2,4
"Yang, K",0,0,4,0,4
"Yang, S",0,0,3,1,4
"Yanover, C",2,0,2,0,4
"Yoo, Y",2,0,2,0,4
"Yoon, Y",1,0,1,2,4
"Zhang, G",1,1,2,0,4
"Zhang, S",0,1,1,2,4
"Zhou, X",2,0,0,2,4
"Zong, N",1,0,0,3,4
"de Groot, R",0,1,0,3,4
"Abanos, S",0,0,1,2,3
"Abeysinghe, R",0,0,0,3,3
"Abolina, I",0,0,3,0,3
"Adams, W",0,1,0,2,3
"Adibuzzaman, M",0,0,3,0,3
"Ahn, E",1,0,0,2,3
"Albers, D",3,0,0,0,3
"Amor, B",1,0,1,1,3
"Amutha, A",0,0,3,0,3
"Arinze, J",0,0,3,0,3
"Asiimwe, A",1,0,2,0,3
"Aziz, K",1,0,1,1,3
"Bacci, S",0,0,3,0,3
"Bagyura, Z",0,0,1,2,3
"Bardenheuer, K",0,0,2,1,3
"Barkmeier, A",0,0,3,0,3
"Barzdina, E",0,0,3,0,3
"Bauck, A",0,0,0,3,3
"Beaton, M",0,0,1,2,3
"Bell, D",0,0,2,1,3
"Bellentani, M",0,0,1,2,3
"Benichou, J",3,0,0,0,3
"Benoit, B",1,0,0,2,3
"Bergin, C",0,0,3,0,3
"Beuscart, J",0,0,0,3,3
"Beyer, K",1,0,2,0,3
"Biedermann, P",0,0,2,1,3
"Blecker, S",0,0,3,0,3
"Blin, P",3,0,0,0,3
"Boeker, M",0,1,0,2,3
"Bohn, J",1,1,1,0,3
"Boscá, D",0,0,1,2,3
"Bouzillé, G",0,1,0,2,3
"Bowring, M",0,0,3,0,3
"Brolin, K",0,0,3,0,3
"Brown, E",0,0,3,0,3
"Bräuner, K",3,0,0,0,3
"Bunnell, H",1,0,2,0,3
"Butte, A",0,2,1,0,3
"Carter, W",0,0,3,0,3
"Carus, J",2,0,0,1,3
"Casiraghi, E",1,0,1,1,3
"Chang, J",0,0,2,1,3
"Chen, F",1,0,1,1,3
"Chen, L",0,0,3,0,3
"Cho, D",0,0,2,1,3
"Cho, M",1,0,1,1,3
"Cho, Y",0,0,3,0,3
"Chrischilles, E",0,0,3,0,3
"Cisneros, M",0,0,3,0,3
"Claire, R",0,0,3,0,3
"Clark, E",0,0,0,3,3
"Clusa Cuesta, L",0,0,3,0,3
"Coleman, B",1,0,1,1,3
"Corby, G",1,0,2,0,3
"Cowell, L",1,0,1,1,3
"Cuccu, Z",0,0,3,0,3
"Cui, L",0,0,0,3,3
"Culhane, A",0,0,3,0,3
"D'Agostino, R",0,0,3,0,3
"Dabelea, D",0,0,3,0,3
"Daniel, C",1,0,0,2,3
"De Meulder, B",0,0,3,0,3
"Delseny, D",0,0,3,0,3
"Dewey, B",0,0,0,3,3
"Drakos, I",2,0,1,0,3
"Droz-Perroteau, C",3,0,0,0,3
"El-Hay, T",2,0,1,0,3
"Elhadad, N",0,1,1,1,3
"Englund, M",0,0,3,0,3
"Ernst, M",0,0,3,0,3
"Espinoza, J",0,1,0,2,3
"Evans, L",1,1,0,1,3
"Evers, J",0,0,3,0,3
"Ferguson, L",0,0,3,0,3
"Fey, E",0,0,3,0,3
"Fleming, C",0,0,3,0,3
"Florescu, S",0,0,3,0,3
"Fort, D",0,0,2,1,3
"French, T",0,1,2,0,3
"Friedman, C",3,0,0,0,3
"Furniss, D",0,0,3,0,3
"Gabetta, M",0,2,0,1,3
"Gagne, J",3,0,0,0,3
"Gaio, V",0,0,3,0,3
"Gall, W",0,0,0,3,3
"Gan, S",0,0,3,0,3
"Ge, J",1,0,2,0,3
"Gebler, R",0,1,0,2,3
"Giacomini, M",0,1,0,2,3
"Glicksberg, B",0,2,1,0,3
"Gravele, D",0,0,3,0,3
"Gribbon, P",0,0,0,3,3
"Gruber, S",3,0,0,0,3
"Guarner-Argente, C",0,0,3,0,3
"Gulden, C",0,3,0,0,3
"Gundler, C",2,0,0,1,3
"Gögenur, M",2,0,1,0,3
"Günster, C",0,0,1,2,3
"Hajagos, J",1,0,1,1,3
"Halvorsen, L",0,0,0,3,3
"Hamman, R",0,0,3,0,3
"Han, C",0,0,3,0,3
"Han, M",0,0,3,0,3
"Han, Y",0,0,3,0,3
"Hanchrow, E",0,0,2,1,3
"Hayati, S",0,0,2,1,3
"Hernandez-Boussard, T",2,0,1,0,3
"Hockett, C",0,0,3,0,3
"Holmes, J",1,0,1,1,3
"Houghtaling, J",0,1,0,2,3
"Humes, I",0,0,3,0,3
"Hwang, S",0,0,3,0,3
"Héja, T",0,0,0,3,3
"Ioannou, S",2,1,0,0,3
"Iqbal, U",0,0,2,1,3
"Islam, M",1,0,1,1,3
"Isom, S",0,0,3,0,3
"Jefferson, E",0,1,0,2,3
"Jensen, E",0,0,3,0,3
"Jo, Y",0,0,3,0,3
"Kaduk, D",0,1,1,1,3
"Kallfelz, M",0,0,0,3,3
"Kalokyri, V",1,0,0,2,3
"Kamijima, Y",0,0,2,1,3
"Kang, D",1,0,2,0,3
"Kang, J",0,0,3,0,3
"Kang, M",1,0,0,2,3
"Kang, S",1,0,2,0,3
"Kenny, C",0,0,3,0,3
"Kent, S",0,0,2,1,3
"Kerner, B",1,0,2,0,3
"Kiefer, R",0,2,0,1,3
"Kimura, S",0,0,2,1,3
"Klazinga, N",0,0,1,2,3
"Ko, G",0,0,3,0,3
"Kondylakis, H",0,0,0,3,3
"Kosa, A",0,0,3,0,3
"Kreiner, K",0,1,0,2,3
"Kremer, A",0,0,0,3,3
"Krievins, D",0,0,3,0,3
"Kubota, K",0,0,2,1,3
"Kwak, M",0,0,3,0,3
"Kwon, S",0,0,3,0,3
"Kwon, Y",0,0,3,0,3
"Lai, A",0,0,2,1,3
"Lai, J",1,0,2,0,3
"Larsen, R",0,2,0,1,3
"Lassalle, R",3,0,0,0,3
"Latorre-Millán, M",0,0,3,0,3
"Lauschensky, A",0,1,0,2,3
"Lawrence, J",0,0,3,0,3
"Lazar, M",0,0,3,0,3
"Lee, M",0,0,3,0,3
"Leng, T",0,0,3,0,3
"Li, C",1,0,1,1,3
"Lim, H",1,0,1,1,3
"Lin, A",0,0,0,3,3
"Lin, X",0,0,3,0,3
"Litwin, T",0,0,0,3,3
"Liu, J",1,0,1,1,3
"Liu, M",1,1,1,0,3
"Liu, S",1,1,0,1,3
"Lohur, L",0,0,3,0,3
"Lorberbaum, T",2,0,1,0,3
"Loste, C",0,0,3,0,3
"Luo, H",0,0,3,0,3
"Lyu, T",3,0,0,0,3
"López-Blasco, R",0,0,3,0,3
"López-Sánchez, I",0,0,3,0,3
"Madlock-Brown, C",1,0,0,2,3
"Maier, C",0,1,0,2,3
"Majeed, R",0,1,0,2,3
"Marquardt, K",0,1,0,2,3
"Martinez Roldan, J",0,0,3,0,3
"Mathew, S",0,0,1,2,3
"Mayer-Davis, E",0,0,3,0,3
"Mazzaglia, G",2,0,0,1,3
"McCoy, D",0,0,3,0,3
"McGrath, J",0,0,3,0,3
"Mercier, G",0,0,3,0,3
"Michel-Backofen, A",0,1,0,2,3
"Milagro, A",0,0,3,0,3
"Miller, T",0,0,0,3,3
"Mohan, S",0,0,0,3,3
"Mohan, V",0,0,3,0,3
"Molinaro, A",2,1,0,0,3
"Moon, J",0,0,1,2,3
"Mooney, S",0,1,1,1,3
"Moore, N",3,0,0,0,3
"Mun, Y",0,0,3,0,3
"Muñoz-Almagro, C",0,0,3,0,3
"Mészáros, Á",0,0,0,3,3
"Nardone, A",0,0,3,0,3
"Nestor, J",0,0,1,2,3
"Nestsiarovich, A",1,0,2,0,3
"Niehaus, E",1,0,0,2,3
"Oh, J",0,0,3,0,3
"Oyinlola, J",0,0,3,0,3
"Pace, W",0,0,1,2,3
"Paeng, J",0,0,2,1,3
"Pajor, N",1,0,1,1,3
"Pajusalu, M",1,1,0,1,3
"Paris, N",0,0,0,3,3
"Park, W",0,0,0,3,3
"Parry, R",2,0,1,0,3
"Pathak, J",0,2,0,1,3
"Patterson, J",1,0,0,2,3
"Peltonen, L",0,0,0,3,3
"Perkins, D",1,0,2,0,3
"Pfohl, S",2,0,1,0,3
"Polubriaginof, F",1,0,1,1,3
"Popescu, C",0,0,3,0,3
"Porkka, K",1,0,2,0,3
"Praveen, P",0,0,3,0,3
"Prieto Alhambra, D",0,1,2,0,3
"Puttmann, D",0,1,0,2,3
"Pénichon, M",3,0,0,0,3
"Qureshi, N",1,0,1,1,3
"Racoosin, J",2,0,1,0,3
"Rajwa, P",1,0,2,0,3
"Ramcharran, D",2,0,1,0,3
"Rassen, J",3,0,0,0,3
"Reese, J",1,0,1,1,3
"Remmers, S",1,0,2,0,3
"Rhee, H",0,0,3,0,3
"Rhie, S",0,0,3,0,3
"Ribal, M",1,0,2,0,3
"Richter, L",0,0,2,1,3
"Rinner, C",0,0,0,3,3
"Robinson, P",1,0,1,1,3
"Roh, J",0,0,0,3,3
"Rohatsch, L",0,1,0,2,3
"Roobol, M",1,0,2,0,3
"Ross, E",0,0,1,2,3
"Rueda, M",0,1,0,2,3
"Ryoo, H",0,0,2,1,3
"Santos, R",0,1,0,2,3
"Sanz, F",0,2,0,1,3
"Sarkar, I",0,0,1,2,3
"Sathappan, S",0,0,2,1,3
"Sato, A",0,0,2,1,3
"Savulescu, C",0,0,3,0,3
"Schaaf, J",1,0,0,2,3
"Schreier, G",0,1,0,2,3
"Schwenk, H",0,0,3,0,3
"Sharma, D",0,0,0,3,3
"Shea, S",0,0,3,0,3
"Sheikh, A",0,1,0,2,3
"Shervey, M",0,1,2,0,3
"Shin, H",1,0,1,1,3
"Shin, J",0,0,3,0,3
"Sills, M",1,0,2,0,3
"Simpson, S",3,0,0,0,3
"Smith, E",0,0,3,0,3
"Snijder, R",0,0,3,0,3
"Song, X",0,1,2,0,3
"Sontag, D",1,1,1,0,3
"Spoden, M",0,0,1,2,3
"Spratt, H",0,0,2,1,3
"Stamm, T",0,0,0,3,3
"Stephens, K",0,1,1,1,3
"Stewart, H",1,0,1,1,3
"Su, C",0,0,2,1,3
"Subirats, P",0,0,3,0,3
"Sui, J",0,0,3,0,3
"Swaminathan, S",0,0,2,1,3
"Tak, Y",0,0,2,1,3
"Talvik, H",0,0,0,3,3
"Tamm, S",0,0,0,3,3
"Tandon, N",0,0,3,0,3
"Taylor, A",0,0,0,3,3
"Tietzova, I",0,0,3,0,3
"Toh, S",1,0,2,0,3
"Tran, D",0,0,3,0,3
"Tsouchnika, A",3,0,0,0,3
"Tsuji, S",1,0,0,2,3
"Valdivieso, B",0,0,3,0,3
"Verbiest, A",0,0,3,0,3
"Vojinovic, D",0,1,1,1,3
"Waitman, L",0,0,0,3,3
"Wan, E",0,0,3,0,3
"Wang, H",1,0,2,0,3
"Wang, X",0,0,2,1,3
"Wang, Z",0,0,3,0,3
"Weill, A",3,0,0,0,3
"Weinreb, R",0,1,1,1,3
"Wen, H",0,0,3,0,3
"Wong, J",2,0,1,0,3
"Woo, S",0,0,3,0,3
"Xie, Y",0,0,2,1,3
"Xu, Y",1,0,1,1,3
"Yang, Y",0,0,2,1,3
"Yoo, I",0,0,2,1,3
"Yoon, D",1,0,0,2,3
"Yoon, E",0,0,0,3,3
"Yoon, H",0,0,3,0,3
"Yoon, S",1,0,0,2,3
"Yu, H",0,0,3,0,3
"Zavadska, D",0,0,3,0,3
"Zhan, S",0,0,0,3,3
"Zhu, H",0,0,3,0,3
"Zhu, R",1,0,1,1,3
"Zhuk, A",1,0,0,2,3
"Zvirbulis, V",0,0,3,0,3
"de Lusignan, S",0,0,1,2,3
"de Ridder, M",1,1,0,1,3
"van Bochove, K",0,1,2,0,3
"Adams, M",0,1,0,1,2
"Adekkanattu, P",0,2,0,0,2
"Aizenstein, H",0,0,2,0,2
"Akbari, A",0,0,1,1,2
"Al-Shukri, S",0,1,0,1,2
"Alberti, A",0,0,2,0,2
"Albogami, Y",1,0,1,0,2
"Ali, S",0,0,2,0,2
"Allakhverdiiev, E",1,0,1,0,2
"Alonso, J",0,2,0,0,2
"Alonso, S",0,0,2,0,2
"Amigo, F",0,2,0,0,2
"Ancker, J",0,2,0,0,2
"Andreescu, C",0,0,2,0,2
"Andryc, A",0,1,1,0,2
"Anzalone, A",0,0,1,1,2
"Areaux, R",0,0,2,0,2
"Arensman, E",0,2,0,0,2
"Argyriou, G",1,0,1,0,2
"Armbrust, K",0,0,2,0,2
"Asselbergs, F",0,0,0,2,2
"Averitt, A",2,0,0,0,2
"Avillach, P",0,0,0,2,2
"Baghal, A",0,1,0,1,2
"Bahroos, N",0,1,0,1,2
"Bakhshi-Raiez, F",0,0,0,2,2
"Balaur, I",0,0,0,2,2
"Barasa, M",0,0,0,2,2
"Barbarini, N",0,2,0,0,2
"Barchuk, A",0,0,2,0,2
"Barletta, V",0,0,1,1,2
"Barnard, J",0,0,0,2,2
"Bartos, M",0,0,0,2,2
"Baumgartner, M",0,1,0,1,2
"Baumgartner, W",1,0,0,1,2
"Baxter, R",0,0,0,2,2
"Bazakou, S",0,0,0,2,2
"Beck, J",0,1,0,1,2
"Beggs, J",0,0,0,2,2
"Bellas, L",0,0,1,1,2
"Bergquist, T",1,0,1,0,2
"Bernarding, J",0,0,0,2,2
"Bertolin, S",0,0,1,1,2
"Beyer, S",0,0,0,2,2
"Bhargav, M",0,2,0,0,2
"Bierma-Zeinstra, S",0,0,2,0,2
"Birch, R",0,0,1,1,2
"Bjureberg, J",0,2,0,0,2
"Blaisure, J",0,0,0,2,2
"Blau, H",1,0,1,0,2
"Bonù, M",0,0,2,0,2
"Borghetti, P",0,0,2,0,2
"Borkowetz, A",0,0,2,0,2
"Bouissou, O",0,0,0,2,2
"Boyle, D",0,0,0,2,2
"Bradley, D",0,0,0,2,2
"Brandt, E",0,0,0,2,2
"Brandt, P",0,2,0,0,2
"Bratseth Stav, G",0,0,0,2,2
"Breant, S",0,0,0,2,2
"Bremer, C",1,0,1,0,2
"Briganti, A",0,0,2,0,2
"Brooks, I",0,0,1,1,2
"Brusselle, G",0,0,2,0,2
"Bruun, S",0,1,1,0,2
"Bräuner, E",0,1,1,0,2
"Burrows, E",0,0,0,2,2
"Byford, R",0,0,1,1,2
"Campi, R",0,0,2,0,2
"Campion, T",0,0,0,2,2
"Camprubi, M",1,0,0,1,2
"Candore, G",0,0,1,1,2
"Cappelletti, L",1,0,1,0,2
"Carrell, D",1,0,0,1,2
"Castano, V",1,0,1,0,2
"Cave, A",0,0,1,1,2
"Ceusters, W",0,0,0,2,2
"Chae, S",0,0,2,0,2
"Chakrabarti, S",2,0,0,0,2
"Chan, E",0,0,2,0,2
"Chang, H",1,0,1,0,2
"Chang, T",0,0,1,1,2
"Charamel, C",0,0,1,1,2
"Chattopadhyay, S",0,0,2,0,2
"Chazard, E",0,0,0,2,2
"Chen, C",0,0,2,0,2
"Chen, E",0,0,1,1,2
"Chen, W",1,0,0,1,2
"Chia-Cheng Lai, E",0,0,2,0,2
"Chilelli, A",0,0,2,0,2
"Cho, W",0,0,2,0,2
"Choi, W",0,0,0,2,2
"Chu, H",1,0,1,0,2
"Chui, C",0,0,2,0,2
"Chung, E",0,0,2,0,2
"Chung, J",0,0,1,1,2
"Chung, W",0,0,1,1,2
"Chuter, A",0,0,0,2,2
"Clausen, J",2,0,0,0,2
"Cohen, J",0,0,1,1,2
"Cohet, C",0,0,2,0,2
"Colborn, K",1,0,1,0,2
"Cole, C",0,1,0,1,2
"Collins, G",0,0,2,0,2
"Coma, E",0,0,2,0,2
"Conde, S",0,2,0,0,2
"Cook, J",0,0,2,0,2
"Cooper, C",0,0,2,0,2
"Coppi, A",0,0,1,1,2
"Costa, M",0,0,2,0,2
"Cox, S",0,1,0,1,2
"Craig, R",0,0,2,0,2
"Craiu, M",0,0,2,0,2
"Creanga, A",1,0,0,1,2
"Cremonesi, F",0,0,0,2,2
"Cricelli, I",0,0,1,1,2
"Cruz-Correia, R",0,0,0,2,2
"Dahm, L",0,0,2,0,2
"Dal Co, G",0,0,1,1,2
"Danilovic, A",0,1,1,0,2
"Datta, D",0,2,0,0,2
"Davidson, B",0,0,0,2,2
"Davies, E",0,0,2,0,2
"Davis, K",0,0,2,0,2
"Daza, J",0,0,2,0,2
"De Gaetano Donati, K",0,0,2,0,2
"Declerck, J",0,0,0,2,2
"Deer, R",0,0,2,0,2
"Dellavalle, R",0,0,2,0,2
"Denton, J",0,0,1,1,2
"Dernie, F",1,0,1,0,2
"Desai, M",0,0,2,0,2
"Dhruva, S",1,0,0,1,2
"DiPalazzo, J",0,0,1,1,2
"Dikilitas, O",1,0,0,1,2
"Dimitriadis, V",0,0,2,0,2
"Ding, X",0,0,1,1,2
"Dobbins, N",0,1,0,1,2
"Dobson, R",0,0,0,2,2
"Donsa, K",0,1,0,1,2
"Dorajoo, S",0,0,1,1,2
"Doutreligne, M",0,0,0,2,2
"Duclos, C",1,0,0,1,2
"Dumontier, M",0,0,0,2,2
"Dávila-García, D",0,0,2,0,2
"Ebert, M",0,0,2,0,2
"Eckardt, J",0,0,0,2,2
"Eckrich, D",0,0,0,2,2
"Edmondson, M",2,0,0,0,2
"Elbers, P",0,1,0,1,2
"Elovici, Y",2,0,0,0,2
"Elvidge, J",0,0,2,0,2
"Enerly, E",0,0,2,0,2
"Esposito, C",0,0,0,2,2
"Facchinello, C",1,0,0,1,2
"Fagereng, G",0,0,0,2,2
"Farmaki, A",1,0,1,0,2
"Farrell, A",0,0,1,1,2
"Feng, M",0,0,1,1,2
"Feng, Y",0,0,0,2,2
"Fernandez, S",0,0,2,0,2
"Ferrer, M",0,2,0,0,2
"Fina, F",0,0,2,0,2
"Finster, M",0,0,0,2,2
"Fischer, P",0,1,0,1,2
"Fišter, K",0,0,2,0,2
"Flowers, A",0,0,2,0,2
"Flygare, O",0,2,0,0,2
"Fontana, T",1,0,1,0,2
"Fouladvand, S",1,0,1,0,2
"Fraboulet, C",0,0,2,0,2
"Franceschini, D",0,0,2,0,2
"Francesconi, P",0,0,1,1,2
"Frazier, R",0,2,0,0,2
"Freedman, A",0,0,2,0,2
"French, M",0,0,0,2,2
"Fruchart, M",0,0,0,2,2
"Gadiya, Y",0,0,0,2,2
"Gainer, V",1,0,0,1,2
"Gao, S",0,0,0,2,2
"Garcia Morales, M",0,0,2,0,2
"Garza, M",0,1,0,1,2
"Gasman, S",0,1,1,0,2
"Gelderblom, H",0,0,0,2,2
"Gil Rojas, J",0,0,0,2,2
"Gold, S",0,0,0,2,2
"Gong, G",0,0,1,1,2
"Gradinger, T",0,0,0,2,2
"Gratton, J",0,0,1,1,2
"Gregory, A",0,0,0,2,2
"Griffon, N",0,0,0,2,2
"Gu, Y",0,0,1,1,2
"Guinney, J",0,0,2,0,2
"Gupta, A",0,0,1,1,2
"Gupta, S",0,0,1,1,2
"Gut, I",0,1,0,1,2
"Gómez Rivas, J",1,0,1,0,2
"Günther, A",0,1,0,1,2
"Haberson, A",0,0,0,2,2
"Hafeez, H",0,0,1,1,2
"Hague, C",0,0,1,1,2
"Hall, C",0,1,0,1,2
"Hall, N",0,0,2,0,2
"Hallaj, S",0,1,0,1,2
"Hallinan, C",0,0,0,2,2
"Halvorson, A",0,0,2,0,2
"Han, K",0,0,1,1,2
"Han, S",0,0,2,0,2
"Hanauer, D",0,0,0,2,2
"Harms, A",0,0,1,1,2
"Hauben, M",2,0,0,0,2
"Haverkamp, C",0,0,0,2,2
"Hayes, J",0,0,2,0,2
"Helland, Å",0,0,0,2,2
"Herings, R",2,0,0,0,2
"Herring, S",0,0,2,0,2
"Hilka, M",0,0,0,2,2
"Hilton, C",0,0,1,1,2
"Hinske, L",0,0,2,0,2
"Hobbs, F",0,0,1,1,2
"Hoffmann, K",0,0,0,2,2
"Hogarth, M",0,0,1,1,2
"Holub, P",1,1,0,0,2
"Hornig, M",0,0,2,0,2
"Horvitz, E",2,0,0,0,2
"Hovig, E",0,0,1,1,2
"Hruby, G",1,1,0,0,2
"Hu, J",1,0,0,1,2
"Hu, Y",0,1,1,0,2
"Huang, C",0,0,1,1,2
"Huang, M",1,0,0,1,2
"Huang, Y",1,0,0,1,2
"Hubbard, R",1,0,1,0,2
"Hudson, C",0,1,0,1,2
"Hulsen, T",0,0,2,0,2
"Humphreys, K",1,0,1,0,2
"Hurley, R",0,1,0,1,2
"Hurwitz, N",0,0,2,0,2
"Husain, S",0,0,0,2,2
"Hwang, G",0,0,2,0,2
"Hwang, K",0,0,2,0,2
"Hyeon, D",0,0,2,0,2
"Höning, G",0,0,0,2,2
"Iddi, S",0,0,0,2,2
"Imran Omar, M",1,0,1,0,2
"Innocenti, F",2,0,0,0,2
"Inoue, S",1,0,0,1,2
"Itzel, T",0,0,2,0,2
"Jang, S",1,0,0,1,2
"Janssens, A",0,0,2,0,2
"Javaid, M",0,0,2,0,2
"Jayathissa, P",0,0,0,2,2
"Jeong, E",0,0,1,1,2
"Jezidžić, A",0,1,1,0,2
"Ji, H",0,0,0,2,2
"Ji, X",1,1,0,0,2
"Jin, H",0,0,2,0,2
"Jin, S",0,0,2,0,2
"Jing, N",2,0,0,0,2
"Johnson, K",0,1,1,0,2
"Johnston, S",1,0,1,0,2
"Jones, N",0,0,2,0,2
"Jonsson, P",0,0,1,1,2
"Joo, S",0,0,2,0,2
"Joo, Y",0,0,1,1,2
"Josefsson, A",0,0,2,0,2
"Joss, M",0,1,0,1,2
"Jouned, A",0,0,0,2,2
"Joy, M",0,0,1,1,2
"Kaczmarczyk, I",0,1,1,0,2
"Kadengye, D",0,0,0,2,2
"Kang, B",0,0,1,1,2
"Kang, H",0,0,1,1,2
"Kanjala, C",0,0,0,2,2
"Kao Yang, Y",0,0,2,0,2
"Kapsner, L",0,1,0,1,2
"Karim, H",0,0,2,0,2
"Karlebach, G",1,0,1,0,2
"Kaspar, M",0,0,2,0,2
"Kawakami, Y",1,0,0,1,2
"Kelleher, K",1,0,1,0,2
"Khan, H",0,0,1,1,2
"Khosla, S",0,0,2,0,2
"Kimura, E",1,0,0,1,2
"Kingsbury, P",0,1,0,1,2
"Kiryluk, K",0,0,1,1,2
"Kiss, L",0,0,1,1,2
"Kizilaslan, B",0,2,0,0,2
"Ko, Y",0,0,2,0,2
"Korntheuer, R",0,0,0,2,2
"Korsik, V",0,0,0,2,2
"Kotik, D",0,0,2,0,2
"Kramarz, P",0,0,2,0,2
"Kraska, D",0,0,0,2,2
"Krasteva, R",0,0,1,1,2
"Kringelbach, T",0,0,0,2,2
"Kullo, I",1,0,0,1,2
"Kurz, X",0,0,1,1,2
"Kwag, S",0,0,2,0,2
"Kwak, S",0,0,2,0,2
"Kwon, J",0,0,2,0,2
"Kwong, M",0,0,1,1,2
"Kyriacou, A",0,0,2,0,2
"Lam, I",0,0,2,0,2
"Lapi, F",0,0,1,1,2
"Latorre Moreno, L",0,2,0,0,2
"Lavallee, M",1,1,0,0,2
"Le Carrour, T",0,0,2,0,2
"Lea, D",0,1,0,1,2
"Lee, G",1,0,1,0,2
"Lee, L",0,0,2,0,2
"Lee, N",0,2,0,0,2
"Leese, P",1,0,0,1,2
"Lehtonen, T",0,0,2,0,2
"Leprovost, D",0,0,0,2,2
"Leutner, L",0,0,0,2,2
"Levine, M",1,0,0,1,2
"Li, H",1,0,0,1,2
"Li, R",1,0,0,1,2
"Li, Z",0,1,1,0,2
"Libanati, C",0,0,2,0,2
"Lim, G",0,0,2,0,2
"Lim, S",0,0,0,2,2
"Lim, Y",0,0,2,0,2
"Lin, H",0,0,0,2,2
"Lin, V",2,0,0,0,2
"Lingren, T",1,0,0,1,2
"Liu, L",0,0,2,0,2
"Liu, Q",1,0,0,1,2
"Liyanage, H",0,0,1,1,2
"Londhe, A",0,0,1,1,2
"Loomba, J",1,0,0,1,2
"Lorman, V",2,0,0,0,2
"Lovestone, S",0,0,1,1,2
"Lozano-Rubí, R",0,0,0,2,2
"Luc Baudoin, F",0,0,0,2,2
"Lupattelli, A",0,0,1,1,2
"Lymperidou, A",0,0,0,2,2
"López, M",0,0,0,2,2
"Lõo, M",0,0,0,2,2
"Ma, Q",0,0,0,2,2
"Macdonald, C",0,1,0,1,2
"Macho, P",0,2,0,0,2
"Madhira, V",0,1,1,0,2
"Magrini, S",0,0,2,0,2
"Mailosi, D",0,0,0,2,2
"Manuel, W",0,0,0,2,2
"Markov, E",0,0,1,1,2
"Marsolo, K",0,0,0,2,2
"Marti, E",0,0,2,0,2
"Martin Agudo, M",0,0,0,2,2
"Martinez-Hernandez, E",0,0,2,0,2
"Martínez-González, J",0,0,0,2,2
"Masood, E",0,1,0,1,2
"Masuy, I",0,0,2,0,2
"Mate, S",0,1,0,1,2
"Mayer, C",0,0,0,2,2
"Mayrhuber, E",0,1,0,1,2
"Mazurie, A",0,0,2,0,2
"Mbatchou Ngahane, B",0,0,0,2,2
"McClay, J",0,0,0,2,2
"McLean, C",0,0,2,0,2
"McLemore, M",0,0,2,0,2
"Medina, M",0,0,2,0,2
"Mehlum, L",0,2,0,0,2
"Mehta, N",0,0,1,1,2
"Meininger, G",0,0,2,0,2
"Meléndez-Cardiel, J",0,0,2,0,2
"Mentch, F",1,0,0,1,2
"Meyer-Eschenbach, F",0,0,0,2,2
"Miller, R",1,0,0,1,2
"Milligan, G",0,1,0,1,2
"Miotto, R",0,1,1,0,2
"Miron, V",0,0,2,0,2
"Modre-Osprian, R",0,1,0,1,2
"Molina-Porcel, L",0,0,2,0,2
"Momanyi, R",0,0,0,2,2
"Moon, K",0,0,2,0,2
"Mora, N",0,0,2,0,2
"Morgan Stewart, H",1,0,1,0,2
"Morgan-Stewart, H",0,0,2,0,2
"Morhart, M",0,0,2,0,2
"Morris, A",0,0,0,2,2
"Morris, C",0,0,0,2,2
"Morris, M",0,0,1,1,2
"Morse, K",1,0,0,1,2
"Mortier, P",0,2,0,0,2
"Moscetti, L",0,0,1,1,2
"Moussa, M",0,0,0,2,2
"Muehlendyck, C",0,0,0,2,2
"Mugotitsa, B",0,0,0,2,2
"Mumtaz, S",0,1,0,1,2
"Mungall, C",0,0,1,1,2
"Murgia, Y",0,1,0,1,2
"Murray, G",1,1,0,0,2
"Murray, M",0,0,1,1,2
"Murri, R",0,0,2,0,2
"Muylle, K",0,0,2,0,2
"Myers, J",0,1,0,1,2
"Nassirian, A",0,1,0,1,2
"Nelson, S",1,0,1,0,2
"Nesterow, I",0,0,0,2,2
"Neururer, S",0,1,0,1,2
"Ngiam, K",0,0,1,1,2
"Nissim, N",2,0,0,0,2
"Noble, J",0,0,1,1,2
"Noh, C",0,0,2,0,2
"Noll, R",1,0,0,1,2
"Norris, R",0,0,1,1,2
"O'Brien, W",0,0,2,0,2
"Okajima, A",1,0,0,1,2
"Omenn, G",0,0,0,2,2
"Onana Akoa, F",0,0,0,2,2
"Orhan, A",0,0,2,0,2
"Oskotsky, B",0,2,0,0,2
"Ottman, R",1,0,1,0,2
"Pacurariu, A",1,0,1,0,2
"Pan, G",1,0,1,0,2
"Pan, Y",0,0,0,2,2
"Panagi, V",0,1,0,1,2
"Pandya, S",0,0,1,1,2
"Pang, C",1,0,0,1,2
"Paradinha, R",0,1,0,1,2
"Park, G",1,0,1,0,2
"Pasqua, A",0,0,1,1,2
"Pastor Duran, X",0,0,0,2,2
"Pastor, M",0,2,0,0,2
"Patel, A",0,0,2,0,2
"Patel, L",0,0,0,2,2
"Patel, S",1,0,1,0,2
"Payralbe, S",0,0,0,2,2
"Pedersen, L",2,0,0,0,2
"Pedroso, A",0,0,2,0,2
"Peissig, P",1,0,0,1,2
"Pellegrino, F",0,0,2,0,2
"Perkins, M",0,1,0,1,2
"Pfeifer, B",0,1,0,1,2
"Phan, T",0,0,2,0,2
"Picelli, G",2,0,0,0,2
"Pihoker, C",0,0,2,0,2
"Pletcher, M",0,0,2,0,2
"Politi, J",0,1,1,0,2
"Prud'hommeaux, E",0,0,0,2,2
"Puente, D",0,0,2,0,2
"Qian, Z",1,0,1,0,2
"Qin, P",0,2,0,0,2
"Quinlan, P",0,1,0,1,2
"Ramirez, A",0,0,1,1,2
"Rance, B",0,1,0,1,2
"Rees, J",0,0,2,0,2
"Robinson, A",1,0,1,0,2
"Robinson, D",0,0,2,0,2
"Rodrigues, J",0,0,2,0,2
"Roh, Y",0,0,2,0,2
"Rosenberg, M",1,0,1,0,2
"Rouhizadeh, M",0,1,0,1,2
"Rowlands, E",0,0,2,0,2
"Rubin, K",0,0,2,0,2
"Rudrapatna, V",0,2,0,0,2
"Ruhm, L",0,0,0,2,2
"Ruhnke, T",0,0,0,2,2
"Runhaar, J",0,0,2,0,2
"Rusanov, A",1,1,0,0,2
"Sacchi, L",0,1,0,1,2
"Salmasian, H",0,0,1,1,2
"Saltz, J",1,0,1,0,2
"Salvador, G",0,0,0,2,2
"Sanchez, C",0,0,2,0,2
"Sawano, M",0,0,2,0,2
"Sawano, S",0,0,2,0,2
"Schmidt, T",0,0,0,2,2
"Schneider, H",0,2,0,0,2
"Schuff, R",0,0,1,1,2
"Schuler, A",1,0,1,0,2
"Schulz, W",0,0,1,1,2
"Schwinn, J",0,0,2,0,2
"Schüttler, J",0,0,0,2,2
"Sen, A",2,0,0,0,2
"Seneviratne, M",2,0,0,0,2
"Sengupta, S",0,0,2,0,2
"Seo, H",0,0,2,0,2
"Seo, Y",0,0,2,0,2
"Seol, S",0,0,2,0,2
"Serre, P",0,0,0,2,2
"Shahar, Y",2,0,0,0,2
"Shahn, Z",1,0,1,0,2
"Shao, Y",0,0,1,1,2
"Sheikhalishahi, S",0,0,2,0,2
"Shin, D",1,0,0,1,2
"Shin, K",0,0,2,0,2
"Shin, Y",0,0,2,0,2
"Sholle, E",0,1,0,1,2
"Si, Y",0,0,0,2,2
"Siapos, A",0,0,1,1,2
"Silverstein, J",0,1,0,1,2
"Singh, B",0,0,0,2,2
"Sivesind, T",0,0,2,0,2
"Slaymaker, E",0,0,0,2,2
"Smith, D",0,0,2,0,2
"Smith, L",1,1,0,0,2
"Sohn, J",0,0,0,2,2
"Sohrabi, K",0,1,0,1,2
"Song, E",0,0,1,1,2
"Song, M",0,0,1,1,2
"Song, Y",0,0,2,0,2
"Stampfer, P",0,1,0,1,2
"Stewart, L",0,1,1,0,2
"Straatman, H",2,0,0,0,2
"Stratmann, K",1,0,0,1,2
"Stöhr, M",0,0,0,2,2
"Suh, K",0,0,1,1,2
"Sulieman, L",0,0,1,1,2
"Sullivan, C",0,0,0,2,2
"Sun, F",0,0,1,1,2
"Sun, H",0,0,0,2,2
"Sun, J",0,1,1,0,2
"Sung, J",0,0,2,0,2
"Sung, L",0,0,1,1,2
"Sunwoo, L",1,0,0,1,2
"Szuldrzynski, K",0,0,2,0,2
"Särg, D",0,0,0,2,2
"Tadrous, M",0,0,2,0,2
"Taghizadeh, E",0,0,0,2,2
"Tan, H",0,0,1,1,2
"Tang, G",2,0,0,0,2
"Tannier, X",1,0,0,1,2
"Tao, C",0,0,0,2,2
"Tarr, S",0,1,0,1,2
"Taskén, K",0,0,0,2,2
"Tavernier, B",0,0,0,2,2
"Taylor, R",0,0,1,1,2
"Tchetgen Tchetgen, E",1,0,1,0,2
"Teufel, A",0,0,2,0,2
"Thangraraj, P",0,0,2,0,2
"Thiel, J",0,0,0,2,2
"Thun, S",0,0,0,2,2
"Tibollo, V",0,0,0,2,2
"Tiwari, P",1,0,1,0,2
"Tohen, M",0,0,2,0,2
"Toth, E",0,0,2,0,2
"Tsafnat, G",0,0,0,2,2
"Tsiknakis, M",1,0,0,1,2
"Turkiewicz, A",0,0,2,0,2
"Twagirumukiza, M",0,0,0,2,2
"Umbel, K",0,0,1,1,2
"Urwin, E",0,1,0,1,2
"Valentini, G",1,0,1,0,2
"Valveny, N",0,0,2,0,2
"Van Der Vegt, A",0,0,0,2,2
"Van der Pol, H",0,0,0,2,2
"Vanguri, R",0,0,1,1,2
"Vaterkowski, M",1,0,0,1,2
"Vawdrey, D",0,0,1,1,2
"Veeranki, S",0,1,0,1,2
"Velez, M",0,1,0,1,2
"Vengadeswaran, A",0,0,0,2,2
"Verdy, G",1,0,1,0,2
"Vereijken, F",2,0,0,0,2
"Verma, A",0,0,1,1,2
"Vilagut, G",0,2,0,0,2
"Vilar, S",2,0,0,0,2
"Vilaseca, I",0,0,2,0,2
"Visweswaran, S",0,0,0,2,2
"Vivekanantham, A",0,0,2,0,2
"Walbech, J",2,0,0,0,2
"Waldman, G",1,0,1,0,2
"Walters, K",0,0,0,2,2
"Walunas, T",1,0,0,1,2
"Wang, J",0,1,1,0,2
"Ward, R",0,0,0,2,2
"Wei, Y",1,0,1,0,2
"Weissman, S",1,0,1,0,2
"West, I",0,0,1,1,2
"White, R",2,0,0,0,2
"Wiederhold, A",2,0,0,0,2
"Wiest, I",0,0,2,0,2
"Wiley, K",1,0,0,1,2
"Williams, J",0,1,1,0,2
"Wooldridge, J",1,0,1,0,2
"Woong Park, R",0,0,2,0,2
"Wormald, J",0,0,2,0,2
"Xiong, C",1,0,1,0,2
"Xu, Z",0,2,0,0,2
"Yang, Q",0,0,0,2,2
"Yao, L",0,0,0,2,2
"Yi, Y",0,0,2,0,2
"Young, S",1,0,1,0,2
"Youngerman, B",1,0,1,0,2
"Yu, S",0,0,2,0,2
"Yum, Y",0,0,1,1,2
"Yun, J",0,0,1,1,2
"Zampino, E",0,1,0,1,2
"Zangwill, L",0,1,0,1,2
"Zeger, S",0,0,2,0,2
"Zelko, J",1,1,0,0,2
"Zeng, C",0,1,0,1,2
"Zhang, Q",0,0,2,0,2
"Zhang, R",0,0,0,2,2
"Zhang, W",0,0,2,0,2
"Zheng, J",0,0,0,2,2
"Zhu, V",0,0,1,1,2
"Zhu, Y",0,0,1,1,2
"Zhuk, O",0,0,2,0,2
"Zuo, X",0,0,0,2,2
"de Maeztu, G",0,0,2,0,2
"van Baalen, V",0,0,2,0,2
"van Nuland, R",1,0,0,1,2
"von Kalle, C",0,0,0,2,2
"Álvarez, E",1,0,0,1,2
"Álvarez-Lacalle, E",0,0,2,0,2
"Ćwiek-Kupczyńska, H",0,0,0,2,2
"Şen, S",0,0,2,0,2
"Šekerija, M",0,0,2,0,2
"Šuvalov, H",0,0,0,2,2
"Abad López, P",1,0,0,0,1
"Abajian, H",0,1,0,0,1
"Abajian, M",0,1,0,0,1
"Abbasi, F",0,0,1,0,1
"Abbasi, J",0,0,1,0,1
"Abbasi, S",0,0,0,1,1
"Abbasizanjani, H",0,0,1,0,1
"Abdullah, S",0,0,0,1,1
"Abedtash, H",0,0,1,0,1
"Abend, A",0,0,1,0,1
"Abimbola, S",0,0,1,0,1
"Abou-Arab, O",0,0,0,1,1
"Abram, S",0,0,1,0,1
"Abrams, C",0,0,0,1,1
"Abu Attieh, H",0,1,0,0,1
"Abu-El-Rub, N",0,1,0,0,1
"Acevedo, P",0,0,1,0,1
"Acharya, N",0,0,0,1,1
"Achtman, A",0,0,1,0,1
"Acker, T",0,0,0,1,1
"Adam, A",0,0,0,1,1
"Adam, T",0,0,0,1,1
"Adedeji, T",0,0,0,1,1
"Adejumo, S",0,0,0,1,1
"Adelman, M",0,0,1,0,1
"Adulyanukosol, N",1,0,0,0,1
"Advani, S",0,0,1,0,1
"Aerts, S",0,0,1,0,1
"Afzal, M",0,0,0,1,1
"Agapiou, A",0,0,1,0,1
"Agarwal, V",1,0,0,0,1
"Ageeva, I",0,1,0,0,1
"Agha, Z",0,0,1,0,1
"Agha-Mir-Salim, L",0,0,0,1,1
"Aghaeepour, N",0,0,1,0,1
"Agnew, J",0,0,0,1,1
"Agodi, A",0,0,1,0,1
"Agrawal, R",0,0,1,0,1
"Agrawal, V",0,0,1,0,1
"Aguiló-Castillo, S",0,0,0,1,1
"Agüero, A",0,0,1,0,1
"Ahmad, F",0,1,0,0,1
"Ahmadi, M",0,0,0,1,1
"Ahmed, S",0,0,1,0,1
"Ahmedani, B",0,0,1,0,1
"Ahn, N",0,0,1,0,1
"Ahonen-Bishopp, A",0,0,0,1,1
"Ahsan, H",0,0,1,0,1
"Aickelin, U",1,0,0,0,1
"Aiello, A",0,0,1,0,1
"Ajmal, A",0,0,0,1,1
"Akagi, Y",0,0,1,0,1
"Akashili, E",0,1,0,0,1
"Akbilgic, O",0,1,0,0,1
"Akinyemi, O",0,0,1,0,1
"Akinyemiju, T",0,0,0,1,1
"Akiva, P",0,0,1,0,1
"Al-Suhaimi, E",0,0,1,0,1
"Alabi, O",0,0,0,1,1
"Alba, M",0,0,1,0,1
"Alba, P",0,0,0,1,1
"Albarran, R",1,0,0,0,1
"Alberga, A",0,0,1,0,1
"Alcorn, C",0,0,0,1,1
"Alexander, P",0,0,0,1,1
"Ali, R",0,0,1,0,1
"Alkasab, T",0,0,0,1,1
"Allery, F",0,0,1,0,1
"Alleva, E",0,1,0,0,1
"Allimatti, S",0,0,0,1,1
"Allington, R",0,0,0,1,1
"Allou, N",0,0,0,1,1
"Allyn, J",0,0,0,1,1
"Almeida, T",0,1,0,0,1
"Alnofal, F",0,0,0,1,1
"Alon, Y",0,0,0,1,1
"Alonso, E",0,0,0,1,1
"Alonso-Arce, M",0,0,0,1,1
"Alonso-Calvo, R",0,0,0,1,1
"Alphs, L",0,0,1,0,1
"Alrouh, H",0,0,0,1,1
"Alrwisan, A",0,0,0,1,1
"Alshammary, T",0,0,1,0,1
"Altun, F",0,1,0,0,1
"Aluthge, D",0,0,0,1,1
"Alvarado-Guzman, J",0,0,0,1,1
"Alvarado-Tapias, E",0,0,1,0,1
"Alvarez, M",0,0,1,0,1
"Alvarez-Romero, C",0,0,0,1,1
"Amarasekera, D",0,0,0,1,1
"Amasa, S",0,0,1,0,1
"Amerali, M",0,0,1,0,1
"Amin, R",0,0,0,1,1
"Amirthalingam, G",0,0,1,0,1
"Ammann, E",0,0,1,0,1
"Ammar, N",1,0,0,0,1
"Ammenwerth, E",0,0,0,1,1
"Ammour, N",0,0,1,0,1
"Amrollahi, F",1,0,0,0,1
"Amsterdam, E",0,0,1,0,1
"An, J",1,0,0,0,1
"An, M",1,0,0,0,1
"Anand, S",0,0,0,1,1
"Anandan, L",0,0,0,1,1
"Anderson, K",0,0,0,1,1
"Anderson, W",0,0,1,0,1
"Anderson-Mellies, A",0,0,0,1,1
"Andre, J",0,0,0,1,1
"Andrews, H",0,0,1,0,1
"Andrés, C",0,0,1,0,1
"Ang, P",0,0,0,1,1
"Angyan, P",0,1,0,0,1
"Ankolekar, A",0,1,0,0,1
"Ansolabehere, X",0,0,0,1,1
"Antao, E",0,1,0,0,1
"Antognoni, P",0,0,1,0,1
"Antola, S",0,1,0,0,1
"Antonescu, C",1,0,0,0,1
"Antony, B",1,0,0,0,1
"Antón, A",0,0,1,0,1
"Anyanwu-Ofili, A",0,0,1,0,1
"Anzalone, J",0,0,1,0,1
"Aoyagi, Y",0,0,0,1,1
"Apfel-Starke, J",0,0,0,1,1
"Appenteng, K",0,0,1,0,1
"Aragon, L",0,0,1,0,1
"Aran, D",1,0,0,0,1
"Araujo, S",0,0,0,1,1
"Arboleda-Velasquez, J",0,0,1,0,1
"Archangelidi, O",0,0,0,1,1
"Arcobelli, V",0,0,0,1,1
"Ardel, H",0,0,0,1,1
"Ares, C",0,0,1,0,1
"Argemi, J",0,0,1,0,1
"Argenziano, M",0,0,1,0,1
"Ariosa, R",0,0,0,1,1
"Arlett, P",0,0,0,1,1
"Arnold, M",0,0,1,0,1
"Arnold, W",0,0,1,0,1
"Arnrich, B",0,1,0,0,1
"Aronson, J",1,0,0,0,1
"Aruch, D",1,0,0,0,1
"Arvanitis, T",0,0,0,1,1
"Asada, K",0,0,1,0,1
"Asch, S",1,0,0,0,1
"Asfaw, E",0,0,0,1,1
"Ashcroft, Q",0,0,1,0,1
"Ashish, N",0,0,0,1,1
"Asikainen, S",0,0,1,0,1
"Assabiny, A",0,0,0,1,1
"Athey, B",0,0,0,1,1
"Aubele, F",0,1,0,0,1
"Austin, C",0,0,1,0,1
"Autexier, S",0,0,0,1,1
"Avramidis, I",0,0,0,1,1
"Baba, M",0,0,0,1,1
"Bachir, S",0,0,0,1,1
"Bachot, C",0,0,0,1,1
"Bacry, E",1,0,0,0,1
"Badgeley, M",0,1,0,0,1
"Bae, H",0,0,1,0,1
"Bae, S",0,0,1,0,1
"Bae, W",0,0,1,0,1
"Baek, D",0,0,1,0,1
"Baek, J",0,0,1,0,1
"Baek, R",0,0,0,1,1
"Bahati, O",0,0,0,1,1
"Bailey, C",0,1,0,0,1
"Baillie, I",0,0,0,1,1
"Baillie, J",0,0,0,1,1
"Bak, S",0,0,1,0,1
"Bakare, T",0,0,1,0,1
"Baker, C",0,0,0,1,1
"Bakken, S",0,0,1,0,1
"Balabhadruni, M",0,0,1,0,1
"Balcaen, T",0,0,0,1,1
"Baldwin, L",0,0,1,0,1
"Balestra, G",0,0,0,1,1
"Balharry, D",0,0,0,1,1
"Bali, O",0,0,0,1,1
"Ballal, A",0,0,1,0,1
"Baltruskeviciene, E",0,0,0,1,1
"Balzer, F",0,0,0,1,1
"Banduge, P",0,0,0,1,1
"Banerjee, A",0,0,1,0,1
"Banerjee, J",1,0,0,0,1
"Bang, C",0,0,1,0,1
"Bang, J",0,0,1,0,1
"Banokina, T",0,0,0,1,1
"Bansal, A",0,0,1,0,1
"Bansal, B",0,0,0,1,1
"Bao, W",1,0,0,0,1
"Baranzini, S",0,1,0,0,1
"Barapatre, S",0,1,0,0,1
"Barbaro, R",0,0,0,1,1
"Barbieri, J",0,0,1,0,1
"Barchitta, M",0,0,1,0,1
"Barganier, C",0,0,1,0,1
"Barlinn, J",0,0,1,0,1
"Barnett, D",0,0,0,1,1
"Barraca, J",1,0,0,0,1
"Barreto, M",0,0,0,1,1
"Barrett, R",0,0,1,0,1
"Barros, V",0,0,0,1,1
"Bartels, K",0,0,0,1,1
"Bartels, M",0,0,0,1,1
"Bartels, S",0,0,0,1,1
"Bartlett, V",1,0,0,0,1
"Bartolomé-Cerdà, N",0,0,1,0,1
"Barton, A",0,1,0,0,1
"Bartschke, A",0,0,0,1,1
"Bashir, A",0,0,0,1,1
"Basile, A",0,0,1,0,1
"Basit, M",0,0,0,1,1
"Bassetti, M",0,1,0,0,1
"Bassileiades, N",0,0,0,1,1
"Bastani, A",0,0,1,0,1
"Bastarache, L",0,0,0,1,1
"Bastian, G",0,1,0,0,1
"Baszis, K",0,0,1,0,1
"Batch, A",0,0,0,1,1
"Bates, B",0,0,1,0,1
"Bates, C",0,0,1,0,1
"Baudis, M",0,0,0,1,1
"Bauer-Mehren, A",1,0,0,0,1
"Baughman, D",1,0,0,0,1
"Baxter, J",0,1,0,0,1
"Bazelier, M",0,0,1,0,1
"Beard, J",0,0,1,0,1
"Beaulac, K",0,0,1,0,1
"Beaulieu-Jones, B",0,0,0,1,1
"Beccia, A",0,1,0,0,1
"Beck, T",0,0,0,1,1
"Becker-Pennrich, A",0,0,0,1,1
"Bedrick, S",0,1,0,0,1
"Bedston, S",0,0,0,1,1
"Beernink, M",1,0,0,0,1
"Beers-Mulroy, B",0,0,1,0,1
"Begum, S",0,1,0,0,1
"Behrens, M",0,1,0,0,1
"Belbin, G",0,0,1,0,1
"Bellamine, A",0,0,0,1,1
"Bellasi, A",0,0,0,1,1
"Bellazzi, R",0,0,0,1,1
"Bellinger, G",0,0,0,1,1
"Bellucci, G",0,1,0,0,1
"Belmans, L",0,0,1,0,1
"Beltramo, G",0,0,1,0,1
"Ben Yehuda, M",0,0,1,0,1
"Benis, N",0,0,0,1,1
"Benoit, V",0,0,0,1,1
"Benscoter, D",0,0,0,1,1
"Bensken, W",0,0,0,1,1
"Beran, M",0,0,0,1,1
"Berenguera, A",0,0,1,0,1
"Berger, A",1,0,0,0,1
"Berger, F",0,0,0,1,1
"Berger, O",0,0,1,0,1
"Bergvall, T",1,0,0,0,1
"Berler, A",0,0,0,1,1
"Bermejo, I",0,0,0,1,1
"Bernal, F",0,0,0,1,1
"Bernal, J",0,0,0,1,1
"Bernal-Sprekelsen, M",0,0,1,0,1
"Bernaux, M",0,0,0,1,1
"Berni, R",0,0,0,1,1
"Bernstam, E",0,0,0,1,1
"Berry, S",0,0,1,0,1
"Berthou, F",0,1,0,0,1
"Berti-Equille, L",1,0,0,0,1
"Bertizzolo, L",0,0,1,0,1
"Bertoch, D",0,0,0,1,1
"Bertolini, F",0,0,0,1,1
"Bertolini, G",1,0,0,0,1
"Bertz, J",0,0,1,0,1
"Bessler, M",0,0,1,0,1
"Best, J",0,0,0,1,1
"Bethusamy, S",0,0,0,1,1
"Beumer Prieto, B",0,0,0,1,1
"Bey, R",0,0,0,1,1
"Bezemer, I",0,0,1,0,1
"Bezer, J",1,0,0,0,1
"Bhansali, R",0,0,1,0,1
"Bhanvadia, S",0,0,0,1,1
"Bhatia, A",0,0,1,0,1
"Bhullar, H",0,0,0,1,1
"Bhuyan, P",0,0,1,0,1
"Bianchini, E",0,0,0,1,1
"Bianco, K",0,0,1,0,1
"Biber, S",0,0,0,1,1
"Bieber, R",0,0,0,1,1
"Bieksiene, K",0,0,1,0,1
"Bigaki, M",0,0,0,1,1
"Biggin, F",0,0,1,0,1
"Bikdeli, B",0,0,1,0,1
"Bilenko, N",0,0,1,0,1
"Binder, H",0,0,0,1,1
"Birced, I",0,0,0,1,1
"Birhanu, M",0,0,0,1,1
"Birlie, B",0,0,1,0,1
"Birungi, F",0,0,0,1,1
"Bisyuk, Y",0,0,1,0,1
"Bitterman, D",0,0,0,1,1
"Bivas-Benita, M",0,0,1,0,1
"Bizimana, C",0,0,0,1,1
"Black, R",0,1,0,0,1
"Black, S",0,0,1,0,1
"Blackwell, W",0,0,1,0,1
"Blagec, K",0,0,1,0,1
"Blair, J",0,0,1,0,1
"Blake, A",0,0,1,0,1
"Blanco, I",0,0,1,0,1
"Blay, J",0,0,1,0,1
"Blei, D",1,0,0,0,1
"Bleicher, I",0,0,1,0,1
"Blosnich, J",0,0,1,0,1
"Blum, N",0,0,1,0,1
"Bobba, S",0,0,1,0,1
"Bodenreider, O",1,0,0,0,1
"Body, J",0,0,1,0,1
"Boernert, E",0,0,0,1,1
"Boerries, M",0,0,0,1,1
"Bohm, A",0,1,0,0,1
"Boiten, J",1,0,0,0,1
"Bojesen, R",0,0,1,0,1
"Bompelli, A",0,0,0,1,1
"Bonacina, S",0,0,0,1,1
"Bonadt, K",0,0,0,1,1
"Bonfanti, P",0,0,1,0,1
"Bonhoeffer, J",1,0,0,0,1
"Bonmati, L",0,0,0,1,1
"Booman, A",0,0,1,0,1
"Booth, D",0,0,0,1,1
"Booth, H",0,0,1,0,1
"Borbély, D",0,0,0,1,1
"Bordoy, A",0,0,1,0,1
"Bories, M",0,0,0,1,1
"Bornhäuser, M",0,0,0,1,1
"Borrat Frigola, X",0,0,0,1,1
"Bosari, S",0,0,0,1,1
"Bosco, C",1,0,0,0,1
"Bosma, G",0,0,1,0,1
"Boss, S",0,0,0,1,1
"Bossenko, I",0,0,0,1,1
"Bosworth, A",0,0,1,0,1
"Boudis, F",0,1,0,0,1
"Bourdin, A",0,0,1,0,1
"Bourgeois, A",0,0,0,1,1
"Bouvy, J",0,0,0,1,1
"Bove, A",0,0,0,1,1
"Boxwala, A",0,0,0,1,1
"Boyce, D",0,0,1,0,1
"Boyer, D",0,0,1,0,1
"Boyer, L",0,0,1,0,1
"Boyer, T",0,0,1,0,1
"Bozkir, S",0,1,0,0,1
"Bozkurt, L",0,0,1,0,1
"Bradenday, J",0,0,1,0,1
"Bradford, R",0,0,0,1,1
"Brand, J",0,0,1,0,1
"Branda, M",0,0,1,0,1
"Brandi, M",0,0,1,0,1
"Brandon, T",0,0,1,0,1
"Brat, G",0,0,0,1,1
"Brauer, R",0,0,0,1,1
"Braunstein, M",0,1,0,0,1
"Bray, B",0,1,0,0,1
"Brađašević, E",0,1,0,0,1
"Breeze, T",0,0,0,1,1
"Brennan, R",0,0,1,0,1
"Briggs, J",0,0,1,0,1
"Briskin, E",0,0,1,0,1
"Britt, B",0,1,0,0,1
"Britten, C",1,0,0,0,1
"Brobert, G",0,0,1,0,1
"Brodeur, R",0,0,1,0,1
"Brodie, D",0,0,0,1,1
"Broman, L",0,0,0,1,1
"Bron, E",0,0,0,1,1
"Brookes, A",0,0,0,1,1
"Brooks, A",0,0,0,1,1
"Brooks, J",1,0,0,0,1
"Brosa, M",0,0,1,0,1
"Brouwer, E",1,0,0,0,1
"Browder, S",0,0,0,1,1
"Brown, K",0,0,0,1,1
"Brown, T",0,0,1,0,1
"Bruandet, A",0,1,0,0,1
"Brudno, M",0,0,0,1,1
"Brunelli, L",0,1,0,0,1
"Bruni, A",0,0,1,0,1
"Bruninx, E",0,0,1,0,1
"Brush, J",0,0,1,0,1
"Bucalo, M",0,0,0,1,1
"Buchowicz, K",0,1,0,0,1
"Buckeridge, D",0,0,0,1,1
"Buenrostro, J",1,0,0,0,1
"Buesgens, N",1,0,0,0,1
"Buglione, M",0,0,1,0,1
"Bui, M",0,0,1,0,1
"Bulut, M",1,0,0,0,1
"Bunker, D",0,0,0,1,1
"Buresh, J",1,0,0,0,1
"Burgess, A",0,0,0,1,1
"Burgun, A",0,0,0,1,1
"Burke, B",0,0,0,1,1
"Burmann, A",0,0,0,1,1
"Burnett, S",0,0,1,0,1
"Burns, A",0,0,0,1,1
"Burns, F",0,0,0,1,1
"Burrola-Mendez, Y",0,0,0,1,1
"Busch, D",0,0,0,1,1
"Buse, J",0,0,1,0,1
"Bush, B",0,0,0,1,1
"Butler, C",0,0,1,0,1
"Butzin-Dozier, Z",0,0,1,0,1
"Buy, M",0,0,0,1,1
"Buzquurz, F",0,0,1,0,1
"Buzzetti, R",0,0,1,0,1
"Buño Soto, A",0,0,0,1,1
"Byeon, G",0,0,1,0,1
"Byrd, J",0,0,1,0,1
"Byron, W",0,0,1,0,1
"Byrus, M",0,0,1,0,1
"Byttebier, G",0,0,1,0,1
"Byun, D",0,0,1,0,1
"Byun, J",0,0,1,0,1
"Bönisch, C",0,0,0,1,1
"Bělohlávek, J",0,0,0,1,1
"C Rancourt, R",0,0,0,1,1
"Cabero, A",0,0,1,0,1
"Cabornero, G",0,0,0,1,1
"Cabrera-Fuentes, H",0,0,1,0,1
"Cadeiras, M",0,0,1,0,1
"Cadenas Juanino, H",0,0,1,0,1
"Cai, B",0,0,0,1,1
"Cai, L",0,0,1,0,1
"Cai, R",0,0,1,0,1
"Cai, T",0,0,0,1,1
"Cairns, A",0,0,1,0,1
"Calafiore, M",0,0,0,1,1
"Calanchi, E",0,0,0,1,1
"Caldwell, J",0,0,0,1,1
"Callewaert, E",0,0,1,0,1
"Calligan, M",0,0,0,1,1
"Camacho-Rivera, M",0,0,1,0,1
"Caminati, M",0,0,1,0,1
"Campbell, B",1,0,0,0,1
"Campbell, C",1,0,0,0,1
"Campbell, H",0,0,0,1,1
"Campbell, W",0,0,0,1,1
"Canakis, A",0,0,1,0,1
"Candido, R",0,0,1,0,1
"Canham, S",1,0,0,0,1
"Canonica, G",0,0,1,0,1
"Canoy, D",0,0,1,0,1
"Canuso, C",0,0,1,0,1
"Cao, A",0,0,0,1,1
"Cao, Y",1,0,0,0,1
"Caparrós-Redondo, M",0,0,0,1,1
"Cappella, N",0,0,0,1,1
"Capurro, D",0,0,0,1,1
"Carbonari, D",0,0,1,0,1
"Carbonaro, A",0,0,0,1,1
"Carceller, H",0,0,0,1,1
"Cardini, C",0,0,1,0,1
"Cardona, P",0,0,1,0,1
"Cardoso, I",0,0,1,0,1
"Carencotte, R",0,0,0,1,1
"Carević, B",0,0,1,0,1
"Carini, S",0,0,0,1,1
"Carlini, E",0,0,1,0,1
"Carmona, L",1,0,0,0,1
"Carnahan, R",1,0,0,0,1
"Caroll, R",1,0,0,0,1
"Carpenter, A",0,0,0,1,1
"Carr, A",1,0,0,0,1
"Carr, R",0,0,1,0,1
"Carvel, A",0,0,0,1,1
"Casasayas, M",0,0,1,0,1
"Casañas I Comabella, C",1,0,0,0,1
"Case, A",1,0,0,0,1
"Castagne, C",0,0,0,1,1
"Castella-Tarrés, M",0,0,1,0,1
"Castells, A",0,0,1,0,1
"Castells, G",0,0,1,0,1
"Castro, P",0,0,1,0,1
"Castro, V",0,0,0,1,1
"Catala Sabate, M",0,0,1,0,1
"Catalano, G",0,0,1,0,1
"Cates, A",0,1,0,0,1
"Cats, D",0,0,0,1,1
"Caucheteux, C",0,0,0,1,1
"Caufield, J",1,0,0,0,1
"Cavanaugh, R",0,1,0,0,1
"Cazzola, W",0,0,0,1,1
"Cecchini, M",0,0,1,0,1
"Cesta, C",0,0,0,1,1
"Cha, D",0,0,1,0,1
"Cha, Y",0,0,1,0,1
"Chadha, M",0,0,1,0,1
"Chahed, H",0,0,0,1,1
"Chai, S",0,0,0,1,1
"Chaisutyakorn, K",1,0,0,0,1
"Chakravarty, A",1,0,0,0,1
"Chalabi, E",0,0,1,0,1
"Chalabianloo, N",0,0,0,1,1
"Chamberlain, A",0,0,0,1,1
"Champ, J",0,0,0,1,1
"Chan, L",0,0,1,0,1
"Chan, M",0,0,1,0,1
"Chandler, R",1,0,0,0,1
"Chandrabalan, V",0,0,1,0,1
"Chandran, U",1,0,0,0,1
"Chang, S",0,0,1,0,1
"Chang, W",0,0,1,0,1
"Chapman, M",0,0,0,1,1
"Chapman, W",0,1,0,0,1
"Chard, T",0,0,0,1,1
"Charisiadis, P",0,0,1,0,1
"Charles Lebon, M",0,0,0,1,1
"Charney, A",0,1,0,0,1
"Charriot, J",0,0,1,0,1
"Chatburn, R",0,0,0,1,1
"Chatellier, G",0,0,0,1,1
"Chatzidionysiou, K",1,0,0,0,1
"Chatzimatthaiou, S",0,0,0,1,1
"Chaudhari, D",0,0,0,1,1
"Cheeseman, S",0,0,0,1,1
"Chen, Q",0,0,1,0,1
"Chen, S",0,0,0,1,1
"Cheng, A",0,0,1,0,1
"Cheng, F",1,0,0,0,1
"Cheng, M",1,0,0,0,1
"Cheng, W",0,0,0,1,1
"Cheng, X",1,0,0,0,1
"Cheng, Y",0,0,1,0,1
"Cherny, N",1,0,0,0,1
"Cherubini, V",0,0,1,0,1
"Cheung, C",0,0,1,0,1
"Cheung, Y",0,0,1,0,1
"Chhokar, R",0,0,1,0,1
"Chi, Y",1,0,0,0,1
"Chiamvimonvat, N",0,0,1,0,1
"Chidgey, C",0,0,0,1,1
"Chiesa-Estomba, C",0,0,1,0,1
"Chiovato, L",0,0,0,1,1
"Chisolm, D",0,0,1,0,1
"Chmiel, J",0,0,0,1,1
"Cho, E",0,0,1,0,1
"Cho, K",0,0,0,1,1
"Choate, K",0,0,1,0,1
"Choe, S",1,0,0,0,1
"Choe, Y",0,0,1,0,1
"Choi, K",0,0,1,0,1
"Choi, M",0,1,0,0,1
"Chomutare, T",0,0,0,1,1
"Choo, K",0,0,0,1,1
"Chowers, I",0,0,1,0,1
"Chowers, Y",0,0,1,0,1
"Christensen, L",0,1,0,0,1
"Christensen, R",0,0,1,0,1
"Christoph, J",0,0,0,1,1
"Christopher, M",0,0,0,1,1
"Christophi, C",0,0,1,0,1
"Chu, S",0,0,0,1,1
"Chuang, A",0,0,0,1,1
"Chun, A",0,0,0,1,1
"Chun, H",0,0,1,0,1
"Chun, I",0,0,1,0,1
"Chun, K",0,0,1,0,1
"Chung, L",0,0,1,0,1
"Ciampi, M",0,0,0,1,1
"Ciller, C",0,0,1,0,1
"Cirillo, F",0,0,0,1,1
"Civallero, M",0,0,0,1,1
"Clavier, T",0,0,0,1,1
"Clement, G",0,1,0,0,1
"Clifford, S",0,0,0,1,1
"Climent, C",0,0,1,0,1
"Coates, L",0,0,1,0,1
"Cobb, J",0,0,0,1,1
"Cockshull, J",0,0,1,0,1
"Cocoros, N",0,0,1,0,1
"Cohen, A",0,0,1,0,1
"Cohen, I",0,0,0,1,1
"Cohen, T",1,0,0,0,1
"Colaert, D",0,0,0,1,1
"Colahan, C",0,0,0,1,1
"Colakoglu, S",0,0,1,0,1
"Colby, L",0,0,0,1,1
"Coldewey, B",0,1,0,0,1
"Collins, C",0,0,0,1,1
"Collins, J",0,0,0,1,1
"Collison-Farr, K",0,0,0,1,1
"Colpaert, K",0,0,0,1,1
"Colvin, R",0,0,0,1,1
"Coma Redon, E",0,0,1,0,1
"Conde, A",0,0,1,0,1
"Conde, J",0,0,1,0,1
"Connell, D",0,0,0,1,1
"Connellan, C",1,0,0,0,1
"Connolly, J",0,0,1,0,1
"Conrad, S",0,0,0,1,1
"Constantinovici, N",0,0,1,0,1
"Contrino, S",1,0,0,0,1
"Conway, M",0,1,0,0,1
"Cook, S",0,0,0,1,1
"Cooke, B",0,1,0,0,1
"Cooper, J",0,0,1,0,1
"Cooper, L",0,0,0,1,1
"Cooper, S",0,0,1,0,1
"Coorevits, P",0,0,0,1,1
"Coplan, P",0,0,0,1,1
"Coppola, M",0,0,0,1,1
"Cordoba, R",1,0,0,0,1
"Cordomi, S",0,0,1,0,1
"Cormont, S",0,0,0,1,1
"Coronado, G",0,0,0,1,1
"Cossin, S",0,0,0,1,1
"Costa, V",1,0,0,0,1
"Costa-González, J",0,0,1,0,1
"Costello, R",0,0,1,0,1
"Coudert, M",0,0,1,0,1
"Coulet, A",0,1,0,0,1
"Coupland, C",0,0,1,0,1
"Courtot, M",0,0,0,1,1
"Craig, J",0,0,0,1,1
"Crameri, K",0,0,0,1,1
"Crandall, K",0,0,0,1,1
"Crew, K",0,0,1,0,1
"Crews, D",0,0,1,0,1
"Cricelli, C",0,0,0,1,1
"Crimmins, N",0,0,0,1,1
"Crisanti, A",0,0,1,0,1
"Crochet, H",0,0,1,0,1
"Cronin, J",0,1,0,0,1
"Cronin, R",0,0,1,0,1
"Crooks, M",0,0,0,1,1
"Crosslin, D",0,0,0,1,1
"Crowley, K",0,0,0,1,1
"Cruz, J",0,0,0,1,1
"Cruz-Bermúdez, J",0,1,0,0,1
"Csoma, Z",0,0,1,0,1
"Cuesta, F",0,0,1,0,1
"Cuesta, N",0,0,1,0,1
"Cui, G",1,0,0,0,1
"Culhane, J",0,0,0,1,1
"Culliford, D",0,0,1,0,1
"Cummins, M",0,0,1,0,1
"Cuppens, T",0,0,1,0,1
"Curcin, V",0,0,0,1,1
"Curtin, C",1,0,0,0,1
"Custers, I",1,0,0,0,1
"Cuthbert, A",1,0,0,0,1
"Cuticchia, J",0,1,0,0,1
"Cuyàs, B",0,0,1,0,1
"Cygu, S",0,0,0,1,1
"Cárdenas-Valladolid, J",0,1,0,0,1
"Dabrera, G",0,0,1,0,1
"Dahl, M",0,0,1,0,1
"Dai, J",0,0,0,1,1
"Dai, Z",0,0,1,0,1
"Daketi, V",0,0,0,1,1
"Dale, L",0,0,0,1,1
"Dalmiani, S",0,0,0,1,1
"Daly, O",0,0,0,1,1
"Damadoglu, E",0,0,1,0,1
"Damti Geva, S",0,0,1,0,1
"Danciu, G",0,0,0,1,1
"Dandachi, D",0,0,1,0,1
"Dandala, B",1,0,0,0,1
"Dang, T",0,0,0,1,1
"Daniar, M",0,0,0,1,1
"Dasher, P",0,0,1,0,1
"Datseris, G",0,1,0,0,1
"Datzmann, T",0,0,1,0,1
"Daumke, P",0,0,0,1,1
"Davatzikos, C",0,1,0,0,1
"Davenport, M",1,0,0,0,1
"David, R",1,0,0,0,1
"Davidson, L",0,0,0,1,1
"Davies, B",0,0,0,1,1
"Davies, S",0,0,0,1,1
"Davis, H",1,0,0,0,1
"Davis, M",0,1,0,0,1
"Dawar, O",0,0,1,0,1
"Day, M",0,0,1,0,1
"Dazzi, P",0,0,1,0,1
"De Becker, A",0,0,1,0,1
"De Burgos-González, A",0,0,1,0,1
"De Cosmo, S",0,0,1,0,1
"De La Cruz-Bertolo, J",0,1,0,0,1
"De La Iglesia-Vayá, M",0,0,0,1,1
"De Meyer, R",0,0,0,1,1
"De Roo, J",0,0,0,1,1
"De Schutter, H",0,0,1,0,1
"De Vloed, B",0,0,0,1,1
"De Zanet, S",0,0,1,0,1
"DeFor, T",0,0,1,0,1
"DeKlotz, C",0,0,1,0,1
"DeStefano, I",0,0,1,0,1
"DeWitt, P",0,0,1,0,1
"Deakyne Davies, S",0,0,0,1,1
"Deans, K",0,0,0,1,1
"Decilap, M",0,0,0,1,1
"Decoster, L",0,0,1,0,1
"Defebvre, M",0,0,0,1,1
"Dekermanjian, J",0,0,1,0,1
"Dekker, A",0,0,0,1,1
"Del Beccaro, M",0,0,0,1,1
"Del Cura-González, I",0,1,0,0,1
"Del Fiol, G",0,0,0,1,1
"Delanerolle, G",0,0,0,1,1
"Delitto, A",0,0,0,1,1
"Dell 'Isola, A",0,0,1,0,1
"Dell'Isola, A",0,0,1,0,1
"Dell'Oca, I",0,0,1,0,1
"Delsante, L",0,0,0,1,1
"Deltas, C",0,0,1,0,1
"Delvaux, M",0,0,1,0,1
"Demelius, L",0,1,0,0,1
"Deng, H",0,0,1,0,1
"Denham, A",0,0,1,0,1
"Depas, N",0,0,0,1,1
"Depenni, R",0,0,0,1,1
"Deppen, S",0,0,0,1,1
"Depraetere, K",0,0,0,1,1
"Der-Martirosian, C",0,0,0,1,1
"Derian, N",0,0,1,0,1
"Derijcke, S",0,0,1,0,1
"Dermentzoglou, L",0,0,0,1,1
"Desai, R",0,0,1,0,1
"Descamps, F",0,0,0,1,1
"Deschepper, M",0,0,0,1,1
"Destin, B",0,0,1,0,1
"Desvarieux, M",0,0,1,0,1
"Devkota, B",0,0,0,1,1
"Dexheimer, J",0,0,0,1,1
"Dhaenens, B",0,0,1,0,1
"Dhombres, F",1,0,0,0,1
"Di Angelantonio, E",0,0,0,1,1
"Di Emidio, K",0,0,0,1,1
"Di Maio, M",1,0,0,0,1
"Di Muzio, N",0,0,1,0,1
"DiBattiste, P",0,0,1,0,1
"DiBello, H",0,1,0,0,1
"Diallo, G",0,0,0,1,1
"Diallo, I",1,0,0,0,1
"Diao, Z",0,0,0,1,1
"Diaz Holgado, A",0,0,1,0,1
"Diaz, F",0,0,1,0,1
"Diaz, L",0,0,1,0,1
"Dickinson, K",0,0,0,1,1
"Dickinson, S",0,0,1,0,1
"Dieguez, A",0,0,1,0,1
"Diehl, A",0,0,0,1,1
"Dieterle, N",0,0,0,1,1
"Dietz, J",0,0,1,0,1
"Dietz, K",0,0,0,1,1
"Diez-Perez, A",0,0,1,0,1
"Digan, W",0,0,0,1,1
"Dike, U",0,0,0,1,1
"Dimitrov, L",0,0,0,1,1
"Ding, J",0,0,0,1,1
"Ding, K",1,0,0,0,1
"Ding, Y",0,1,0,0,1
"Dissemond, J",0,0,0,1,1
"Dixon, B",0,1,0,0,1
"Djaballah, K",0,0,1,0,1
"Djibo, D",0,0,1,0,1
"Djukanovic, R",0,0,1,0,1
"Do, J",0,0,1,0,1
"Doctor, J",0,0,1,0,1
"Dodsley, C",0,0,0,1,1
"Doeswijk, R",1,0,0,0,1
"Doherty, M",0,0,1,0,1
"Dohrn, N",1,0,0,0,1
"Dolan, B",0,0,0,1,1
"Dolan, L",0,0,1,0,1
"Domenech-Fernández, J",0,0,0,1,1
"Dominici, M",0,0,0,1,1
"Donahoo, W",0,0,1,0,1
"Donatini, A",0,0,1,0,1
"Donegan, K",0,0,1,0,1
"Doney, A",0,0,0,1,1
"Dong, S",0,0,1,0,1
"Dong, X",0,0,0,1,1
"Dong, Y",0,0,1,0,1
"Dongelmans, D",0,0,0,1,1
"Donovan, D",0,0,1,0,1
"Dorn, C",0,0,1,0,1
"Doron, S",0,0,1,0,1
"Dorward, J",0,0,1,0,1
"Doshi, A",0,0,0,1,1
"Doshi, J",1,0,0,0,1
"Doublet, M",0,0,0,1,1
"Douglas, M",0,0,0,1,1
"Downs, S",0,0,1,0,1
"Drew, S",1,0,0,0,1
"Driessen, S",0,0,1,0,1
"Drozda, J",0,0,0,1,1
"Dröge, P",0,0,1,0,1
"Duarte Salles, T",0,0,1,0,1
"Duarte-Sales, T",0,0,1,0,1
"Dubiel, J",0,0,0,1,1
"Dubois, R",1,0,0,0,1
"Dubois, S",0,0,1,0,1
"Dubreuil, M",0,0,1,0,1
"Dudova, Z",0,1,0,0,1
"Duek, O",0,0,1,0,1
"Dun, C",1,0,0,0,1
"Duncan, R",0,0,1,0,1
"Dunning, H",0,0,1,0,1
"Dunscombe, R",0,0,0,1,1
"Durand, T",0,0,1,0,1
"Durate-Salles, T",0,0,1,0,1
"Durbin, M",0,0,1,0,1
"Dutcher, S",0,0,1,0,1
"Díaz-Garzón Marco, J",0,0,0,1,1
"Díaz-Holgado, A",0,1,0,0,1
"Dürichen, R",0,1,0,0,1
"Düsseldorf, H",0,0,0,1,1
"Eavis, A",0,0,1,0,1
"Ebimbe, J",0,0,0,1,1
"Egea, M",0,0,1,0,1
"Ehm, F",0,0,1,0,1
"Ehret, J",0,0,0,1,1
"Ehrlich, J",0,0,1,0,1
"Eid, S",0,0,1,0,1
"Eils, R",0,0,0,1,1
"Eisenstein, A",0,0,1,0,1
"Eisman, A",0,0,0,1,1
"Eklund, N",0,1,0,0,1
"El Ghosh, M",1,0,0,0,1
"El Mekkaoui, K",0,0,1,0,1
"El-Galaly, T",1,0,0,0,1
"Elashoff, D",0,0,1,0,1
"Elder, R",0,0,1,0,1
"Eleangovan, N",0,0,1,0,1
"Eleftheriou, L",0,0,1,0,1
"Elhussein, A",0,0,0,1,1
"Elhussein, L",0,0,1,0,1
"Elia, E",0,0,1,0,1
"Elia, J",0,0,1,0,1
"Elias, P",0,0,1,0,1
"Elkin, P",0,1,0,0,1
"Elkind, M",0,0,1,0,1
"Elliot, A",0,0,1,0,1
"Elliston, K",0,1,0,0,1
"Elmqvist, N",0,0,0,1,1
"Eltinge, S",0,0,0,1,1
"Embree, K",0,0,0,1,1
"Empey, P",0,0,1,0,1
"Emsley, H",0,0,1,0,1
"Ena, L",0,0,1,0,1
"Endrich, O",0,0,0,1,1
"Engelmann, K",0,0,0,1,1
"Engels, C",0,1,0,0,1
"English, L",0,0,0,1,1
"Entwisle, B",0,0,1,0,1
"Erasmus, H",0,0,0,1,1
"Erdogan, B",0,0,1,0,1
"Erfurt-Berge, C",0,0,0,1,1
"Ernebjerg, M",0,1,0,0,1
"Erpenbeck, M",0,0,0,1,1
"Ertaylan, G",0,1,0,0,1
"Escribà-Montagut, X",0,1,0,0,1
"Eshel-Geva, H",0,0,0,1,1
"Espejo, M",0,0,0,1,1
"Essaid, S",0,0,0,1,1
"Estellat, C",0,0,1,0,1
"Esteve, J",0,0,0,1,1
"Esteve, L",0,0,0,1,1
"Estevinho, F",0,0,1,0,1
"Estiri, H",0,0,0,1,1
"Eteve-Pitsaer, C",0,0,1,0,1
"Ethier, J",0,1,0,0,1
"Etropolski, M",0,0,1,0,1
"Eun, Y",0,0,1,0,1
"Ewart, C",0,0,0,1,1
"Ewbank, J",1,0,0,0,1
"Eyre, D",0,0,0,1,1
"Fabre, A",0,0,0,1,1
"Fabry, P",0,1,0,0,1
"Facey, K",0,0,1,0,1
"Fadul, N",0,0,1,0,1
"Fakhouri, W",1,0,0,0,1
"Falgenhauer, M",0,0,0,1,1
"Fan, M",0,0,1,0,1
"Fang, M",0,0,1,0,1
"Far, A",0,0,1,0,1
"Farjat, A",0,0,1,0,1
"Farshid, S",0,0,0,1,1
"Farzana, S",0,0,1,0,1
"Farzaneh, S",0,0,0,1,1
"Faxvaag, A",0,0,0,1,1
"Faye, A",0,0,0,1,1
"Fazekas, T",0,0,1,0,1
"Fazli, M",0,0,1,0,1
"Fecho, K",0,1,0,0,1
"Fedorov, A",0,1,0,0,1
"Feher, M",0,0,1,0,1
"Feichtner, F",0,0,0,1,1
"Feinstein, J",0,0,0,1,1
"Fellman, C",0,0,1,0,1
"Feng, Q",0,0,1,0,1
"Feng, X",0,0,1,0,1
"Ferdynus, C",0,0,0,1,1
"Fernandez, X",0,0,0,1,1
"Fernandez-Chas, M",1,0,0,0,1
"Ferner, R",1,0,0,0,1
"Fernández Bertolín, S",0,0,1,0,1
"Fernández-Calle, P",0,0,0,1,1
"Ferrandiz-Espadin, R",0,0,1,0,1
"Ferrari, S",0,0,1,0,1
"Ferreira, F",0,0,1,0,1
"Ferrer-Fuertes, A",0,0,1,0,1
"Ferri Peradalta, M",0,0,0,1,1
"Feu, F",0,0,1,0,1
"Ficheur, G",0,0,0,1,1
"Filion, K",0,0,0,1,1
"Filippone, C",1,0,0,0,1
"Filkov, V",0,0,1,0,1
"Fillion-Robin, J",0,1,0,0,1
"Fina Avilés, F",0,0,1,0,1
"Finkelstein, J",0,0,0,1,1
"Fiocco, M",0,0,0,1,1
"Fiorentino, D",0,0,1,0,1
"Fischbach, N",0,0,1,0,1
"Fischer, A",0,0,0,1,1
"Fishbein, H",0,0,1,0,1
"Fisher, R",1,0,0,0,1
"FitzHenry, F",0,0,0,1,1
"Flach, C",0,0,1,0,1
"Fletcher, J",0,0,0,1,1
"Fleuren, L",0,1,0,0,1
"Flobak, Å",0,0,0,1,1
"Flores-Ortiz, R",0,0,0,1,1
"Floyd, S",0,0,1,0,1
"Flórez-Arango, J",0,0,1,0,1
"Fodor, A",0,0,1,0,1
"Fogliani, R",0,0,0,1,1
"Follett, R",0,0,0,1,1
"Folz, M",0,1,0,0,1
"Fonseca, S",0,0,1,0,1
"Fontana, A",0,0,0,1,1
"Fontin, F",0,0,0,1,1
"Foraker, R",0,0,1,0,1
"Forbes, A",0,0,0,1,1
"Forsyth, T",0,0,0,1,1
"Fortin, B",0,0,1,0,1
"Foster, I",0,1,0,0,1
"Fotiadis, D",0,0,0,1,1
"Fournier, E",0,0,1,0,1
"Fox, C",0,0,0,1,1
"Fraas, S",0,0,0,1,1
"Fradziak, M",0,0,0,1,1
"Fram, D",0,0,1,0,1
"Frank, M",0,0,0,1,1
"Franz, M",0,0,1,0,1
"Franzese, C",0,0,1,0,1
"Freburger, J",0,0,0,1,1
"Freeberg, M",1,0,0,0,1
"Freyer, N",0,1,0,0,1
"Frias, J",0,0,1,0,1
"Fried, L",0,0,1,0,1
"Friedman, A",1,0,0,0,1
"Frischen, L",0,0,0,1,1
"Fritsch, H",0,0,0,1,1
"Fromont, L",0,0,0,1,1
"Fry, A",0,1,0,0,1
"Fröhlich, H",0,0,0,1,1
"Fu, S",0,0,0,1,1
"Fuentes, A",1,0,0,0,1
"Fuentes, L",0,1,0,0,1
"Fuhrmann, S",0,0,0,1,1
"Fullaondo, A",0,0,1,0,1
"Fürst, B",0,0,0,1,1
"Gabarro, M",0,0,1,0,1
"Gabbay-Benziv, R",0,0,1,0,1
"Gacci, M",0,0,1,0,1
"Gacquer, W",0,0,0,1,1
"Gaffney, M",1,0,0,0,1
"Gagnidze, G",0,0,0,1,1
"Gall, H",0,0,0,1,1
"Gallant, S",0,0,0,1,1
"Galle, V",0,0,1,0,1
"Gallego, B",0,0,0,1,1
"Gallone, S",0,1,0,0,1
"Gallos, P",0,0,0,1,1
"Galloway, A",0,0,0,1,1
"Galstyan, G",0,0,1,0,1
"Galvan, Y",0,0,1,0,1
"Galvez, E",0,0,1,0,1
"Gansel, X",0,0,0,1,1
"Gao, J",1,0,0,0,1
"Gao, W",0,0,1,0,1
"Garbe, E",0,0,0,1,1
"Garcelon, N",0,0,0,1,1
"Garcia, F",0,0,1,0,1
"Garcia, J",0,1,0,0,1
"Garcia, N",0,0,0,1,1
"Garcia-Torrens, S",0,0,1,0,1
"García Barrio, N",0,0,1,0,1
"García, D",0,0,1,0,1
"García-Aldars, L",0,1,0,0,1
"García-Barrio, N",0,1,0,0,1
"García-Bastida, C",0,0,1,0,1
"García-Fernández, C",0,1,0,0,1
"García-García, F",0,0,0,1,1
"Gardarsdottir, H",0,0,1,0,1
"Gardner, H",0,0,0,1,1
"Garg, V",0,0,1,0,1
"Gargano, M",1,0,0,0,1
"Garibaldi, B",0,0,1,0,1
"Garibaldi, J",1,0,0,0,1
"Garin-Muga, A",0,0,0,1,1
"Gates, K",0,1,0,0,1
"Gatsby, E",0,0,1,0,1
"Gaudet-Blavignac, C",0,0,0,1,1
"Gauffin, O",0,0,1,0,1
"Gavaskar, S",0,0,1,0,1
"Gaviria-Jiménez, J",0,0,1,0,1
"Gavriilidis, G",0,0,1,0,1
"Gazzarata, R",0,0,0,1,1
"Gehlenborg, N",0,0,0,1,1
"Gelsomino, F",0,0,0,1,1
"Gemicioglu, B",0,0,1,0,1
"Genereaux, B",0,0,0,1,1
"Geneslaw, A",0,0,1,0,1
"Geng, M",0,0,1,0,1
"Gentilin, S",0,1,0,0,1
"Gentine, P",0,0,1,0,1
"George, H",0,0,0,1,1
"George, M",0,0,1,0,1
"Geppert, J",0,0,0,1,1
"Gerardi, M",0,0,1,0,1
"Germano, I",0,0,1,0,1
"Germonpre, P",0,0,1,0,1
"Gersing, K",0,0,1,0,1
"Gertzog, M",0,0,0,1,1
"Gesto-Gómez, J",0,1,0,0,1
"Gesuita, R",0,0,1,0,1
"Gezgin, D",0,0,0,1,1
"Ghalichi, L",0,0,0,1,1
"Ghiani, M",0,0,1,0,1
"Gho, S",0,0,1,0,1
"Ghosh, D",0,0,1,0,1
"Ghosh, S",0,0,0,1,1
"Ghumman, N",1,0,0,0,1
"Giacobbe, D",0,1,0,0,1
"Giannopoulos, G",1,0,0,0,1
"Giboin, C",0,0,1,0,1
"Gibson, J",1,0,0,0,1
"Gierschner, C",0,0,0,1,1
"Gifford, A",0,0,0,1,1
"Gifkins, D",1,0,0,0,1
"Giladi, A",0,0,1,0,1
"Gilbert, Z",0,0,1,0,1
"Gilbertson, J",0,1,0,0,1
"Giles, T",0,0,0,1,1
"Gill, G",0,0,1,0,1
"Gillberg, J",0,0,0,1,1
"Gillen, K",0,0,0,1,1
"Gillson, N",0,0,0,1,1
"Giménez, A",0,1,0,0,1
"Girani, E",0,1,0,0,1
"Giráldez-Álvarez, M",0,1,0,0,1
"Gisladottir, U",0,0,1,0,1
"Gissler, M",0,0,0,1,1
"Giubbolini, R",0,0,1,0,1
"Giudice, L",0,0,1,0,1
"Giuliodori Picco, A",0,0,1,0,1
"Giuste, F",0,0,0,1,1
"Gjoni, K",0,0,1,0,1
"Gkaliagkousi, E",0,0,1,0,1
"Glanz, J",0,0,0,1,1
"Glaser, S",0,0,0,1,1
"Glatt, N",0,0,0,1,1
"Gleason, J",0,0,0,1,1
"Glowe, P",0,0,1,0,1
"Gobbel, G",0,1,0,0,1
"Goel, K",0,0,1,0,1
"Goel, R",0,0,0,1,1
"Goel, V",1,0,0,0,1
"Goerg, C",0,0,0,1,1
"Goff, S",0,0,0,1,1
"Goksel, O",0,0,1,0,1
"Goldstein, A",1,0,0,0,1
"Goldstein, D",0,0,1,0,1
"Goldstein, M",1,0,0,0,1
"Goldstein, T",0,1,0,0,1
"Gologorskaya, O",0,0,1,0,1
"Golovko, G",0,0,0,1,1
"Golriz Khatami, S",0,0,0,1,1
"Golubovic, A",0,0,1,0,1
"Gombar, S",0,1,0,0,1
"Gomes, A",0,0,0,1,1
"Gomez-Rivas, J",0,0,1,0,1
"Gonul, S",0,0,0,1,1
"Gonzalez Gonzalez, A",0,1,0,0,1
"Gonzalez, C",0,0,0,1,1
"Gonzalez, S",0,0,1,0,1
"González, J",0,1,0,0,1
"Goodrich, C",0,1,0,0,1
"Goovaerts, H",0,0,1,0,1
"Gorbachev, A",0,0,0,1,1
"Gorse, J",0,0,0,1,1
"Goto, Y",0,0,1,0,1
"Gotz, D",0,0,0,1,1
"Gouripeddi, R",0,0,0,1,1
"Goyal, P",0,0,0,1,1
"Goyer, F",0,1,0,0,1
"Graham, D",0,0,0,1,1
"Gramfort, A",0,0,0,1,1
"Grammatikopoulou, M",0,0,1,0,1
"Grammes, J",0,0,1,0,1
"Grannis, S",0,1,0,0,1
"Granés, L",0,0,1,0,1
"Gray, J",0,1,0,0,1
"Greaves, P",0,0,0,1,1
"Greco, C",0,0,1,0,1
"Green, M",0,0,0,1,1
"Greevy, R",0,0,1,0,1
"Gregg, E",0,0,1,0,1
"Grieve, G",0,0,0,1,1
"Griffiths, K",0,0,1,0,1
"Grisel, O",0,0,0,1,1
"Grotto, I",0,0,1,0,1
"Grube, C",0,0,1,0,1
"Gruendner, J",0,0,0,1,1
"Grummt, S",0,0,0,1,1
"Gründner, J",0,0,0,1,1
"Grünewald, E",0,0,0,1,1
"Gu, W",0,1,0,0,1
"Guan, Y",0,0,1,0,1
"Guengoeze, O",0,0,0,1,1
"Guerin, J",0,0,0,1,1
"Guerin, P",0,0,1,0,1
"Guerrero, P",0,1,0,0,1
"Guevara-Zambrano, A",0,0,1,0,1
"Guldvik, I",0,0,1,0,1
"Gulotta, G",0,0,1,0,1
"Gumbinger, C",0,0,1,0,1
"Guo, C",0,0,1,0,1
"Guo, G",0,0,0,1,1
"Guo, H",1,0,0,0,1
"Guo, L",0,0,0,1,1
"Gutierrez, M",0,0,0,1,1
"Gutierrez-Sacristan, A",0,0,0,1,1
"Guxens, M",0,0,1,0,1
"Guymer, R",0,0,1,0,1
"Guðmundsson, L",0,0,0,1,1
"Gyang, E",1,0,0,0,1
"Gyrard, A",0,0,0,1,1
"Gómez-Outes, A",0,0,1,0,1
"Gómez-Ádrian, J",0,0,0,1,1
"Gött, R",0,0,0,1,1
"Güell, K",0,0,1,0,1
"Gürsoy, G",0,0,1,0,1
"Ha, E",0,0,1,0,1
"Haam, S",0,0,0,1,1
"Haarbrandt, B",0,0,0,1,1
"Haas, L",0,0,1,0,1
"Haber, R",0,0,0,1,1
"Hadad, T",0,0,0,1,1
"Haderlein, T",0,0,0,1,1
"Hadfield, A",0,0,0,1,1
"Hadji, P",0,0,1,0,1
"Hadjigeorgiou, C",0,0,1,0,1
"Haese, T",0,0,0,1,1
"Hahn, W",0,0,0,1,1
"Haj Mohammad, S",0,0,0,1,1
"Hakonarson, H",1,0,0,0,1
"Hale, B",0,0,0,1,1
"Halford, S",0,0,0,1,1
"Hall, I",0,0,0,1,1
"Hall, P",0,0,1,0,1
"Hallgren, K",0,0,1,0,1
"Halpern, Y",0,1,0,0,1
"Hamamoto, R",0,0,1,0,1
"Hamilton-Lopez, M",0,0,0,1,1
"Hammais, A",0,0,1,0,1
"Hampton, J",0,0,0,1,1
"Han, E",0,0,1,0,1
"Han, J",0,0,0,1,1
"Han, O",0,0,0,1,1
"Handler, S",0,0,0,1,1
"Hanif, S",0,0,1,0,1
"Hankey, G",0,0,1,0,1
"Hanon, S",0,0,1,0,1
"Hansen, R",1,0,0,0,1
"Hansen, S",0,0,1,0,1
"Haque, S",0,0,1,0,1
"Hardy, C",0,0,1,0,1
"Hardy, D",0,0,0,1,1
"Hardy, N",0,0,0,1,1
"Harle, C",0,0,1,0,1
"Harnett, B",0,0,0,1,1
"Harper, A",0,0,1,0,1
"Harper, J",0,0,1,0,1
"Harrington, L",0,0,1,0,1
"Harrington, R",0,1,0,0,1
"Harris, D",0,1,0,0,1
"Harris, N",0,0,1,0,1
"Harris, P",0,0,0,1,1
"Hart, G",0,0,0,1,1
"Hartman, P",0,0,0,1,1
"Hartwig, M",1,0,0,0,1
"Harvey, N",0,0,1,0,1
"Hauger, R",0,0,1,0,1
"Hauser, R",0,0,0,1,1
"Havrilla, J",0,0,1,0,1
"Hawk, K",0,0,0,1,1
"Hawley, S",0,0,1,0,1
"Hayasaka, M",0,0,1,0,1
"Hayes, H",0,0,0,1,1
"Hayn, D",0,1,0,0,1
"Hays, A",0,0,1,0,1
"He, A",0,0,0,1,1
"He, B",0,0,1,0,1
"He, V",0,0,0,1,1
"He, Z",0,0,0,1,1
"Healey, E",0,0,1,0,1
"Heavner, S",0,0,1,0,1
"Hechtel, N",0,0,0,1,1
"Heckbert, S",1,0,0,0,1
"Hedenmalm, K",0,0,0,1,1
"Hee, L",0,0,1,0,1
"Hees, H",0,0,0,1,1
"Heffler, E",0,0,1,0,1
"Hein, J",0,0,1,0,1
"Heinemann, L",0,0,1,0,1
"Heinrich, A",0,0,0,1,1
"Heintjes, E",0,0,1,0,1
"Helfer, S",0,1,0,0,1
"Helmkamp, L",0,0,0,1,1
"Hemingway, H",0,0,0,1,1
"Henderson, A",0,1,0,0,1
"Hendricks, B",0,0,1,0,1
"Hengartner, N",0,0,1,0,1
"Heo, E",0,0,1,0,1
"Heo, J",0,0,1,0,1
"Heo, Y",0,0,0,1,1
"Heredia-Aguilar, L",0,0,1,0,1
"Hermann, A",0,0,1,0,1
"Hernández-García, E",0,0,1,0,1
"Hernández-Muñoz, J",0,0,1,0,1
"Herrera, J",0,0,0,1,1
"Herrera, R",0,0,1,0,1
"Herrera-Almanza, L",0,0,1,0,1
"Herrick, C",0,1,0,0,1
"Herrmann, T",0,0,0,1,1
"Hersh, W",0,1,0,0,1
"Hess, G",0,0,1,0,1
"Hesser, J",0,0,0,1,1
"Heudel, P",0,0,1,0,1
"Heuvelink, J",0,0,0,1,1
"Hewa, K",0,0,0,1,1
"Hewitt, K",0,0,0,1,1
"Heyneke, E",0,1,0,0,1
"Hill, E",0,0,1,0,1
"Hiltunen, S",0,0,1,0,1
"Hinojosa, E",0,0,0,1,1
"Hinton, W",0,0,0,1,1
"Hirabayashi, K",0,0,1,0,1
"Hirata, M",0,0,1,0,1
"Ho, V",0,0,1,0,1
"Ho, Y",0,0,0,1,1
"Hoang, U",0,0,1,0,1
"Hochheimer, C",0,0,1,0,1
"Hochheiser, H",0,0,0,1,1
"Hochman, O",0,0,0,1,1
"Hodder, S",0,0,1,0,1
"Hodelin, C",0,0,1,0,1
"Hoechter, D",0,0,0,1,1
"Hoelmich, E",0,0,1,0,1
"Hofer, S",0,0,1,0,1
"Hofmann-Apitius, M",0,0,0,1,1
"Hogstrom, L",0,0,1,0,1
"Hohman, K",0,0,0,1,1
"Holenkamp, N",0,0,1,0,1
"Holguera, V",0,0,1,0,1
"Holl, R",0,0,1,0,1
"Holleczek, B",1,0,0,0,1
"Holm, J",0,0,0,1,1
"Holst, T",0,1,0,0,1
"Holve, E",0,0,0,1,1
"Holz, F",0,0,1,0,1
"Homer, V",0,0,0,1,1
"Honerlaw, J",0,0,0,1,1
"Hong, C",0,0,1,0,1
"Hong, H",1,0,0,0,1
"Hong, Y",0,0,1,0,1
"Honrath, P",0,1,0,0,1
"Hopkins, S",0,0,0,1,1
"Hoppe, J",0,0,0,1,1
"Horcajada, J",0,0,1,0,1
"Horinouchi, H",0,0,1,0,1
"Horki, P",0,0,0,1,1
"Horne, B",0,0,1,0,1
"Hornig-Rohan, M",0,0,1,0,1
"Horowitz, C",0,0,1,0,1
"Horswell, R",0,0,0,1,1
"Horvat, C",0,0,0,1,1
"Hosokawa, P",0,0,0,1,1
"Hossain, M",0,0,1,0,1
"Hoti, F",0,0,1,0,1
"Hottgenroth, A",1,0,0,0,1
"Hou, J",1,0,0,0,1
"Hou, L",0,0,0,1,1
"Hough, D",0,0,1,0,1
"Howard, R",0,0,1,0,1
"Howcroft, T",0,0,1,0,1
"Howell, K",0,0,0,1,1
"Howren, A",0,0,1,0,1
"Howsam, G",0,0,1,0,1
"Hoyt, C",0,0,0,1,1
"Hrisca, R",0,0,1,0,1
"Hromis, S",0,0,1,0,1
"Hrstka, R",0,1,0,0,1
"Hsiao, C",0,0,1,0,1
"Hu, W",1,0,0,0,1
"Huang, K",0,0,0,1,1
"Huang, N",0,0,0,1,1
"Huang, Z",0,0,1,0,1
"Huber, A",0,0,0,1,1
"Huffman, A",0,0,0,1,1
"Hui, S",1,0,0,0,1
"Hull, M",0,0,0,1,1
"Hum, R",0,0,1,0,1
"Hume, A",0,0,0,1,1
"Hung, A",0,0,1,0,1
"Hung, P",1,0,0,0,1
"Hunger, M",0,0,1,0,1
"Hunt, C",0,0,1,0,1
"Hunt, N",0,0,1,0,1
"Hunter, L",0,0,0,1,1
"Huntley, R",0,0,0,1,1
"Huo, N",0,0,0,1,1
"Hur, J",0,0,0,1,1
"Hur, K",0,0,0,1,1
"Hurley, E",0,0,0,1,1
"Hurwitz, E",0,0,1,0,1
"Husson, J",0,0,0,1,1
"Hwang, J",0,0,1,0,1
"Hwang, W",0,0,1,0,1
"Hwang, Y",1,0,0,0,1
"Händel, M",0,0,1,0,1
"Håkansson, K",0,0,1,0,1
"Hübner, U",0,0,0,1,1
"Hüsers, J",0,0,0,1,1
"Ibing, S",0,1,0,0,1
"Ibáñez, L",1,0,0,0,1
"Ichihara, M",0,0,0,1,1
"Ide, J",1,0,0,0,1
"Idnay, B",0,1,0,0,1
"Igumba, B",0,0,0,1,1
"Ikeda, Y",0,0,0,1,1
"Il Kim, S",0,0,1,0,1
"Ilatovskiy, A",0,0,0,1,1
"Im, G",0,0,1,0,1
"Im, M",0,0,1,0,1
"Imperatore, G",0,0,1,0,1
"Inberg, G",0,1,0,0,1
"Inoue, J",0,0,0,1,1
"Ionita-Laza, I",0,0,1,0,1
"Ip, M",0,0,1,0,1
"Irwin, J",0,0,1,0,1
"Islam, J",0,0,1,0,1
"Islam, S",0,0,0,1,1
"Ison, H",0,0,1,0,1
"Israni, S",0,1,0,0,1
"Ivaldi, G",0,0,1,0,1
"Ivanko, P",0,0,1,0,1
"Iveli, P",0,0,1,0,1
"Iyengar, S",0,1,0,0,1
"Izu, L",0,0,1,0,1
"J Núñez-Benjumea, F",0,0,0,1,1
"Jaarsma, E",0,0,0,1,1
"Jacklin, C",0,0,1,0,1
"Jackson, A",0,0,0,1,1
"Jackson, S",0,0,0,1,1
"Jackson, T",0,0,0,1,1
"Jacob, P",0,0,0,1,1
"Jacobs, J",0,0,0,1,1
"Jacobs, M",0,0,0,1,1
"Jacquemont, C",0,0,0,1,1
"Jacques-Aviñó, C",0,0,1,0,1
"Jacunski, A",1,0,0,0,1
"Jadhav, G",0,0,1,0,1
"Jafari, A",0,0,0,1,1
"Jafarpour, M",0,0,0,1,1
"Jafarzadeh, S",0,0,1,0,1
"Jajoo, M",1,0,0,0,1
"Jalkanen, K",0,0,0,1,1
"Jamil, M",0,0,0,1,1
"Jammerbund, B",0,1,0,0,1
"Janetzki, J",0,0,1,0,1
"Jang, H",0,0,1,0,1
"Jang, I",0,0,0,1,1
"Jang, M",0,0,0,1,1
"Jang, W",0,0,1,0,1
"Jang, Y",0,0,1,0,1
"Jani, M",1,0,0,0,1
"Jannot, A",0,0,0,1,1
"Jansen, S",0,0,0,1,1
"Jansen, W",0,0,0,1,1
"Jathissa, P",0,1,0,0,1
"Jaubourg, N",0,0,0,1,1
"Jaun, F",0,0,1,0,1
"Jayaram, R",1,0,0,0,1
"Je, N",0,0,1,0,1
"Jean-Baptiste, L",0,0,0,1,1
"Jeannetot, D",1,0,0,0,1
"Jee, D",0,0,1,0,1
"Jeffcoat, C",0,0,1,0,1
"Jeffery, K",0,0,0,1,1
"Jendrossek, M",0,0,0,1,1
"Jeon, S",0,0,0,1,1
"Jeong, K",0,0,1,0,1
"Jeong, N",0,0,1,0,1
"Jereczek-Fossa, B",0,0,1,0,1
"Jhaveri, K",0,0,1,0,1
"Ji, J",0,0,1,0,1
"Ji, M",1,0,0,0,1
"Jiang, J",0,0,1,0,1
"Jiang, Q",1,0,0,0,1
"Jimenez, H",0,0,1,0,1
"Jimeno, P",0,0,0,1,1
"Jiménez-Martín, A",0,1,0,0,1
"Jin, E",0,0,1,0,1
"Jin, K",0,0,1,0,1
"Jin, U",0,0,1,0,1
"Jing, S",0,0,1,0,1
"Jing, Y",0,0,1,0,1
"Joel, M",0,0,1,0,1
"Johanns, O",1,0,0,0,1
"Johnson, J",0,0,1,0,1
"Johnson, M",0,0,1,0,1
"Johnston, J",0,0,0,1,1
"Joiner, E",1,0,0,0,1
"Jolley, S",0,0,1,0,1
"Jones, W",0,0,1,0,1
"Jonker, C",0,0,1,0,1
"Joo, J",0,0,1,0,1
"Joopudi, V",1,0,0,0,1
"Jorm, L",0,0,0,1,1
"Jose, G",0,0,0,1,1
"Joshi, N",0,0,0,1,1
"Jouhet, V",0,0,0,1,1
"Journeau, F",0,0,0,1,1
"Jovic, N",0,0,1,0,1
"Joy, G",0,0,0,1,1
"Judge, A",0,0,1,0,1
"Juhlin, K",1,0,0,0,1
"Jung, E",1,0,0,0,1
"Jung, F",0,1,0,0,1
"Jung, G",0,0,1,0,1
"Jung, J",0,0,1,0,1
"Junior, E",0,0,0,1,1
"Jurčević, A",0,0,1,0,1
"Juslin, T",0,0,0,1,1
"Justesen, T",0,0,1,0,1
"Justice, A",0,0,0,1,1
"Justo-Astorgano, C",0,0,1,0,1
"Kabakambira, J",0,0,0,1,1
"Kabano, I",0,0,0,1,1
"Kachhadia, M",0,0,1,0,1
"Kacová, R",0,1,0,0,1
"Kaczmarek, L",0,0,0,1,1
"Kadioglu, D",0,0,0,1,1
"Kaelber, D",0,0,1,0,1
"Kafatos, G",0,0,0,1,1
"Kaftan, E",0,0,1,0,1
"Kahlon, M",0,0,1,0,1
"Kahn, C",0,0,0,1,1
"Kahn, H",0,0,0,1,1
"Kaiser, M",1,0,0,0,1
"Kajungu, D",0,0,0,1,1
"Kalabakov, S",0,1,0,0,1
"Kalaw, F",0,0,0,1,1
"Kallout, J",0,0,0,1,1
"Kalra, D",0,0,0,1,1
"Kalsekar, I",0,0,1,0,1
"Kam, H",0,0,0,1,1
"Kamauu, A",0,0,0,1,1
"Kamdje-Wabo, G",0,0,0,1,1
"Kampf, M",0,0,0,1,1
"Kampman, M",0,0,1,0,1
"Kamps, A",0,0,1,0,1
"Kamtengeni, M",0,0,0,1,1
"Kanasaki, K",0,0,1,0,1
"Kanbar, L",0,0,0,1,1
"Kandukuri, P",1,0,0,0,1
"Kaneko, K",0,0,1,0,1
"Kaneko, S",0,0,1,0,1
"Kang, A",0,0,1,0,1
"Kang, I",0,0,1,0,1
"Kang, Y",0,0,1,0,1
"Kanjanapong, S",1,0,0,0,1
"Kanjilal, S",0,0,1,0,1
"Kanter, A",1,0,0,0,1
"Kao, Y",0,0,0,1,1
"Kapach, H",0,0,0,1,1
"Karabacak, M",0,0,1,0,1
"Karafin, M",0,0,0,1,1
"Karatzanis, I",0,0,0,1,1
"Karczewski, K",0,0,0,1,1
"Karimi, L",0,0,1,0,1
"Karimkhani, C",0,0,1,0,1
"Karnes, J",0,0,1,0,1
"Karp, J",0,0,0,1,1
"Karppila, I",0,0,0,1,1
"Kasani, P",0,0,1,0,1
"Kashyap, M",1,0,0,0,1
"Kashyap, R",0,0,1,0,1
"Kasivisvanathan, V",0,0,1,0,1
"Kasthurirathne, S",1,0,0,0,1
"Katalinic, A",1,0,0,0,1
"Katayama, H",0,0,1,0,1
"Kato, K",0,0,1,0,1
"Katterapalli, C",0,0,0,1,1
"Katz, A",0,0,1,0,1
"Kauko, T",0,0,1,0,1
"Kaur, G",0,0,1,0,1
"Kavouras, L",1,0,0,0,1
"Kavuluru, R",0,0,1,0,1
"Kawakita, T",0,0,1,0,1
"Kazi, S",0,0,1,0,1
"Kean, J",0,0,0,1,1
"Keebler, A",0,0,1,0,1
"Kelbert, P",0,0,0,1,1
"Kelechi, T",0,1,0,0,1
"Keller, M",0,0,0,1,1
"Kelly, W",0,0,1,0,1
"Keloth, V",0,0,0,1,1
"Kempf, E",0,0,0,1,1
"Kempner, M",0,0,1,0,1
"Kennedy, G",0,0,0,1,1
"Kenney, R",0,0,1,0,1
"Kenny, E",0,0,1,0,1
"Kent, D",1,0,0,0,1
"Kerr, W",0,0,0,1,1
"Kersten, O",0,0,0,1,1
"Kesztyüs, D",0,0,0,1,1
"Kesztyüs, T",0,0,0,1,1
"Khalifa, A",0,0,0,1,1
"Khalilia, M",0,1,0,0,1
"Khalsa, A",0,0,1,0,1
"Khan, A",0,0,0,1,1
"Khan, R",0,0,1,0,1
"Khan, U",0,0,1,0,1
"Khanal, A",1,0,0,0,1
"Khanipov, K",0,0,0,1,1
"Khanna, A",0,0,0,1,1
"Kharrazi, H",0,0,0,1,1
"Khayter, M",0,0,0,1,1
"Khil, J",0,0,1,0,1
"Khilchevskyi, B",0,1,0,0,1
"Khitrun, M",0,0,0,1,1
"Khodaverdi, M",0,0,1,0,1
"Khoma, Y",1,0,0,0,1
"Khoshneshin, M",1,0,0,0,1
"Khunti, K",0,0,1,0,1
"Kiadaliri, A",0,0,1,0,1
"Kiederle, J",0,1,0,0,1
"Kiekens, C",0,0,1,0,1
"Kieler, C",0,0,0,1,1
"Kimble, W",0,0,1,0,1
"Kimmel, S",0,0,1,0,1
"Kinnaird, A",0,0,1,0,1
"Kirby, J",0,0,1,0,1
"Kirchoff, K",0,0,0,1,1
"Kitzmiller, M",0,0,0,1,1
"Klang, E",0,0,1,0,1
"Klengel, C",0,0,0,1,1
"Klising, E",0,0,1,0,1
"Klomhaus, A",0,0,1,0,1
"Klopfenstein, S",0,0,0,1,1
"Kluetz, P",0,0,0,1,1
"Klungel, O",0,0,1,0,1
"Knaack, D",0,0,0,1,1
"Knight, J",0,0,1,0,1
"Knight, R",0,0,1,0,1
"Knowles, J",0,0,1,0,1
"Ko, H",0,0,1,0,1
"Kobayashi, K",0,0,1,0,1
"Koblbauer, I",0,0,1,0,1
"Kodamullil, A",0,0,0,1,1
"Koester, H",0,1,0,0,1
"Kogan, A",0,0,0,1,1
"Koh, J",0,0,1,0,1
"Kohane, I",0,0,0,1,1
"Kohler, J",0,0,1,0,1
"Kolla, K",0,0,1,0,1
"Komatsu, M",0,0,1,0,1
"Konstantinou, C",0,0,1,0,1
"Koo, B",0,0,1,0,1
"Koopman, M",1,0,0,0,1
"Kopac, P",0,0,1,0,1
"Kopek, N",0,0,1,0,1
"Korchmar, E",0,1,0,0,1
"Korf, B",0,0,1,0,1
"Korobelnik, J",0,0,1,0,1
"Korsik, U",1,0,0,0,1
"Kosar, N",0,0,0,1,1
"Kothari, S",0,0,1,0,1
"Kouno, N",0,0,1,0,1
"Kountouris, P",0,0,0,1,1
"Kovachev, P",0,0,1,0,1
"Kovatch, P",0,1,0,0,1
"Kovesdy, C",0,0,1,0,1
"Kovo, M",0,0,1,0,1
"Kovács, A",0,0,0,1,1
"Kovács, S",0,0,0,1,1
"Kowalski, C",0,0,0,1,1
"Koyama, T",0,0,1,0,1
"Koňár, Š",0,1,0,0,1
"Krajenbrink, E",0,0,1,0,1
"Krall, R",0,0,1,0,1
"Krantz, I",0,0,0,1,1
"Kraus, E",0,0,0,1,1
"Kraus, S",0,1,0,0,1
"Krebs, M",0,0,0,1,1
"Krestan, S",0,0,0,1,1
"Krikhely, A",0,0,1,0,1
"Krishnamurthy, A",0,1,0,0,1
"Krishnan, J",0,0,1,0,1
"Krogias, C",0,0,1,0,1
"Kroica, I",0,0,1,0,1
"Kroissenbrunner, M",0,0,0,1,1
"Kronqvist, E",0,0,1,0,1
"Krop, I",0,0,1,0,1
"Krueger, R",0,0,0,1,1
"Krueger, S",0,0,0,1,1
"Krulee, R",0,0,1,0,1
"Krumme, A",0,0,1,0,1
"Ku, C",0,0,0,1,1
"Kuang, Z",1,0,0,0,1
"Kubiak, T",0,0,1,0,1
"Kubo, T",0,0,1,0,1
"Kuhrt, N",0,0,1,0,1
"Kukull, W",0,0,0,1,1
"Kullamaa, L",1,0,0,0,1
"Kumar, A",0,0,0,1,1
"Kumar, P",1,0,0,0,1
"Kumar, V",0,0,1,0,1
"Kumpf, O",0,0,0,1,1
"Kuna, P",0,0,1,0,1
"Kuntz, J",0,0,1,0,1
"Kunz, P",0,0,1,0,1
"Kuo, C",0,0,1,0,1
"Kuppelwieser, S",0,0,0,1,1
"Kuria, J",0,0,0,1,1
"Kurki, S",0,0,1,0,1
"Kurth, A",0,0,1,0,1
"Kurtz, M",0,0,0,1,1
"Kury, F",1,0,0,0,1
"Kuzma, A",0,0,0,1,1
"Kwack, W",0,0,1,0,1
"Kwan, B",0,0,0,1,1
"Kwon, O",1,0,0,0,1
"Kwon, R",0,0,1,0,1
"Kwong, A",1,0,0,0,1
"Kärcher, F",0,0,0,1,1
"Kümmel, M",0,1,0,0,1
"Künnapuu, K",0,1,0,0,1
"Küstner, E",0,0,1,0,1
"Kővári, E",0,0,0,1,1
"La Ferla, S",0,0,0,1,1
"La Mattina, A",0,0,0,1,1
"Ladhani, S",0,0,0,1,1
"Lage-Rupprecht, V",0,0,0,1,1
"Lahousse, L",0,0,1,0,1
"Laht, M",0,0,0,1,1
"Lai, E",0,0,0,1,1
"Laivuori, M",0,0,0,1,1
"Laleci Erturkmen, G",0,0,0,1,1
"Lambert, A",0,0,0,1,1
"Lambin, P",0,0,1,0,1
"Lambrecht, M",0,0,1,0,1
"Lamonica, S",0,0,1,0,1
"Lampalo, M",0,0,1,0,1
"Lamy, J",1,0,0,0,1
"Landron, D",0,0,1,0,1
"Lane, L",0,0,0,1,1
"Lang, C",0,0,1,0,1
"Lang, L",0,0,0,1,1
"Langan, S",0,0,1,0,1
"Langdahl, B",0,0,1,0,1
"Lanzola, G",0,1,0,0,1
"Lara-Corrales, I",0,0,1,0,1
"Laraway, B",1,0,0,0,1
"Lassen, U",0,0,0,1,1
"Lasso, A",0,1,0,0,1
"Latino, N",1,0,0,0,1
"Laudati, A",0,0,1,0,1
"Laufer, J",0,0,0,1,1
"Laurinavicius, A",0,0,1,0,1
"Lautenbach, E",1,0,0,0,1
"Lauve, N",0,0,1,0,1
"Lavagna, J",0,0,0,1,1
"Lawlor, A",1,0,0,0,1
"Lawrence, E",0,0,0,1,1
"Lawrence-Archer, L",0,0,1,0,1
"Layton, D",0,0,1,0,1
"Lazarevic, M",0,0,1,0,1
"Lazaridis, A",0,0,1,0,1
"Le Gall, A",0,0,1,0,1
"LePendu, P",1,0,0,0,1
"Leach, J",0,0,1,0,1
"Leader, J",0,0,1,0,1
"Leapman, M",0,0,1,0,1
"Leblanc, J",0,0,0,1,1
"Lee, B",0,0,1,0,1
"Lee, I",0,0,1,0,1
"Leeming, G",0,0,0,1,1
"Leeper, N",0,0,1,0,1
"Lef, H",0,0,0,1,1
"Lehmann, C",0,0,0,1,1
"Lehne, M",0,0,0,1,1
"Lehrer, E",0,0,1,0,1
"Leinonen, M",0,0,0,1,1
"Leist, I",0,1,0,0,1
"Leitner, W",0,0,0,1,1
"Lemaitre, G",0,0,0,1,1
"Lembke, A",0,0,1,0,1
"Lemieux, J",0,0,1,0,1
"Lemmon, J",0,0,0,1,1
"Lems, W",0,0,1,0,1
"Lenert, L",0,0,0,1,1
"Leonard, S",0,0,1,0,1
"Lepouttre, H",0,0,1,0,1
"Lerro, C",1,0,0,0,1
"Letts, R",1,0,0,0,1
"Leung, C",0,0,1,0,1
"Leung, T",1,0,0,0,1
"Leuppi, J",0,0,1,0,1
"Levenson, M",1,0,0,0,1
"Levis, M",0,1,0,0,1
"Levitt, E",0,0,1,0,1
"Levra, N",0,0,1,0,1
"Levy-Clarke, G",0,0,1,0,1
"Lewis, D",0,0,1,0,1
"León-García, M",0,1,0,0,1
"Li, D",0,0,1,0,1
"Li, F",0,0,0,1,1
"Li, M",0,0,1,0,1
"Lian Duan, L",1,0,0,0,1
"Liang, J",1,0,0,0,1
"Liao, C",0,0,0,1,1
"Liberman, D",0,0,0,1,1
"Lichtenegger, K",0,0,0,1,1
"Liebovitz, D",0,0,1,0,1
"Liehn, E",0,0,1,0,1
"Liem, D",0,0,1,0,1
"Liew, J",0,0,1,0,1
"Liew, S",0,0,0,1,1
"Ligi, K",0,1,0,0,1
"Lim, B",0,0,1,0,1
"Lim, C",0,0,1,0,1
"Lim, J",0,0,1,0,1
"Lima, D",0,0,0,1,1
"Lin, C",1,0,0,0,1
"Lin, J",0,0,1,0,1
"Lin, M",0,1,0,0,1
"Lind, J",0,0,1,0,1
"Linden, T",0,0,0,1,1
"Ling, L",0,0,0,1,1
"Lipori, G",0,0,1,0,1
"Lippert, C",0,1,0,0,1
"Lipprandt, M",0,1,0,0,1
"Lipson, J",0,0,0,1,1
"Liu, D",0,0,1,0,1
"Liu, K",0,0,1,0,1
"Liu, W",0,0,1,0,1
"Liu, Z",0,0,0,1,1
"Livartowski, A",0,0,0,1,1
"Livne, G",0,0,0,1,1
"Llorente-Garcia, A",0,0,1,0,1
"Lo Re Iii, V",0,0,1,0,1
"LoRusso, P",0,0,1,0,1
"Loeffler, M",0,1,0,0,1
"Loewenstein, D",0,0,1,0,1
"Logier, R",0,0,0,1,1
"Lohachab, A",0,1,0,0,1
"Long, C",0,0,0,1,1
"Loomis, K",0,0,0,1,1
"Lop, J",0,0,1,0,1
"Loperena-Cortes, R",0,0,1,0,1
"Lopez Bernal, J",0,0,1,0,1
"Lopez Gomez, C",0,0,1,0,1
"Lopez Montesinos, I",0,0,1,0,1
"Lopez, I",0,0,1,0,1
"Lopez-Chacon, M",0,0,1,0,1
"Lorenz, S",0,0,0,1,1
"Los, R",0,0,0,1,1
"Lou, X",1,0,0,0,1
"Louis, R",0,0,1,0,1
"Lourenço Santos, R",0,0,0,1,1
"Lovis, C",0,0,0,1,1
"Lovrić Makarić, Z",0,0,1,0,1
"Lowe, K",0,0,1,0,1
"Lowson, C",0,0,1,0,1
"Lozano, F",0,0,0,1,1
"Lozinski, G",0,0,0,1,1
"Lu, C",0,0,0,1,1
"Lu, Q",0,0,0,1,1
"Lu, S",0,0,0,1,1
"Lu, Z",0,1,0,0,1
"Luengo, I",0,0,0,1,1
"Luijten, M",0,0,0,1,1
"Lumbers, R",0,0,0,1,1
"Lumley, T",1,0,0,0,1
"Luo, M",0,0,0,1,1
"Lustberg, M",0,0,1,0,1
"Luxan, B",0,0,0,1,1
"Luzuriaga, K",0,0,0,1,1
"Ly, N",0,0,1,0,1
"Lynch, J",0,0,0,1,1
"Lyons, R",0,0,0,1,1
"Lysen, T",0,0,1,0,1
"Lyu, H",0,0,0,1,1
"Lyu, K",0,1,0,0,1
"Lähteenmäki, J",0,0,0,1,1
"López, D",0,0,1,0,1
"López-Rueda, A",0,0,0,1,1
"López-Sánchez, V",0,0,0,1,1
"Löbe, M",0,0,0,1,1
"Lúðvíksdóttir, D",0,0,1,0,1
"Lübbeke, A",1,0,0,0,1
"M E Nordeng, H",0,0,0,1,1
"Ma, D",0,1,0,0,1
"Ma, J",0,0,1,0,1
"Ma, K",0,0,1,0,1
"Ma, X",0,0,1,0,1
"Maamar, A",0,1,0,0,1
"Mabe, K",0,0,0,1,1
"Mabry, P",0,0,1,0,1
"MacDonald, B",0,1,0,0,1
"MacLeod, R",0,0,0,1,1
"Machnicki, G",1,0,0,0,1
"Machín, A",0,0,0,1,1
"Macia-Martinez, M",0,0,1,0,1
"Maclin, R",1,0,0,0,1
"Madan, S",0,0,0,1,1
"Maddaloni, E",0,0,1,0,1
"Madhu, S",0,0,1,0,1
"Maertens, J",0,0,0,1,1
"Magazzeni, S",0,0,1,0,1
"Magel, J",0,0,0,1,1
"Magen-Rimon, R",0,0,1,0,1
"Maggi, N",0,0,0,1,1
"Maglanoc, L",0,0,0,1,1
"Magoc, T",0,0,1,0,1
"Mahajan, V",0,0,1,0,1
"Mahmood, R",0,0,1,0,1
"Mahmoodi, N",0,0,0,1,1
"Mahoney, K",1,0,0,0,1
"Maidlow, S",0,0,0,1,1
"Makover, N",0,0,0,1,1
"Makris, K",0,0,1,0,1
"Malbrain, M",0,0,1,0,1
"Malcom, B",0,0,0,1,1
"Malicki, C",0,0,0,1,1
"Malin, B",1,0,0,0,1
"Malinsky, D",0,0,1,0,1
"Malk, M",0,0,0,1,1
"Mallen, C",0,0,1,0,1
"Mallipattu, S",0,0,1,0,1
"Malone, D",0,0,1,0,1
"Malovini, A",0,0,0,1,1
"Maltenfort, M",0,0,1,0,1
"Mamidi, T",1,0,0,0,1
"Mandadi, N",0,0,0,1,1
"Mandair, D",1,0,0,0,1
"Mandhadi, V",0,0,0,1,1
"Mandl, K",0,0,0,1,1
"Mangarelli, C",0,0,1,0,1
"Mangesius, P",0,0,0,1,1
"Manias, G",0,0,0,1,1
"Manion, F",0,1,0,0,1
"Manisty, C",0,0,0,1,1
"Manjourides, J",1,0,0,0,1
"Manlik, K",0,0,1,0,1
"Mansfield, A",1,0,0,0,1
"Mansfield, K",0,0,1,0,1
"Manson, P",0,0,1,0,1
"Mansouri-Benssassi, E",0,0,0,1,1
"Mao, C",0,0,0,1,1
"Maojo, V",0,0,0,1,1
"Maor-Sagie, E",0,0,1,0,1
"Maoyi, M",0,0,0,1,1
"Marcilly, R",0,0,0,1,1
"Marcondes Marcacini, R",0,0,0,1,1
"Marconi, V",0,0,0,1,1
"Marcos-Gragera, R",0,0,1,0,1
"Marcou, Q",1,0,0,0,1
"Marder, K",0,1,0,0,1
"Mardon, R",0,0,1,0,1
"Maresca, G",0,0,1,0,1
"Marfoglia, A",0,0,0,1,1
"Margetis, K",0,0,1,0,1
"Margolis, P",0,0,0,1,1
"Margraff, F",0,0,0,1,1
"Margulis, A",0,0,1,0,1
"Marias, K",0,0,0,1,1
"Marin-Pardo, O",0,0,0,1,1
"Marinier, K",1,0,0,0,1
"Markham, K",0,0,1,0,1
"Marks, P",0,0,0,1,1
"Marks-Anglin, A",1,0,0,0,1
"Maro, J",0,0,0,1,1
"Marquez, S",0,0,0,1,1
"Marschollek, M",0,0,0,1,1
"Marshall, M",0,0,1,0,1
"Marteau, B",0,0,0,1,1
"Martel, P",0,0,0,1,1
"Martin, D",1,0,0,0,1
"Martin, J",0,0,0,1,1
"Martinez G, J",0,0,0,1,1
"Martinez-Laguna, D",0,0,1,0,1
"Martinez-Queipo, M",0,0,0,1,1
"Martins-Branco, D",1,0,0,0,1
"Martró, E",0,0,1,0,1
"Martufi, V",0,0,0,1,1
"Martín, M",0,0,1,0,1
"Martínez Pérez, Á",0,0,1,0,1
"Martínez-Sáez, O",0,0,0,1,1
"Mary, M",0,0,0,1,1
"Masci, A",0,0,0,1,1
"Mashkoor, M",1,0,0,0,1
"Maskell, J",0,0,0,1,1
"Massuet, A",0,0,1,0,1
"Mata-Castro, N",0,0,1,0,1
"Mataraso, S",0,0,1,0,1
"Matentzoglu, N",0,0,0,1,1
"Mateus, P",0,0,0,1,1
"Matharu, G",0,0,1,0,1
"Mathew, J",0,0,0,1,1
"Mathé, E",0,0,1,0,1
"Matos, S",0,0,0,1,1
"Matsumoto, H",0,0,1,0,1
"Matthewman, J",0,0,1,0,1
"Matthews, J",1,0,0,0,1
"Mawn, L",0,0,1,0,1
"May, P",0,1,0,0,1
"Mayer, P",0,0,0,1,1
"Mayeux, R",0,0,1,0,1
"Mayo, K",0,0,1,0,1
"Mayrhofer, M",1,0,0,0,1
"Mazariegos, M",0,0,1,0,1
"Mazzetti, S",0,0,0,1,1
"Mazzola, R",0,0,1,0,1
"Mbouamba Yankam, B",0,0,0,1,1
"McAllister, G",0,0,0,1,1
"McAteer, H",0,0,1,0,1
"McAuley, A",0,0,0,1,1
"McCabe, M",0,0,1,0,1
"McCarthy, M",0,0,1,0,1
"McClure, R",0,0,0,1,1
"McCrimmon, R",0,0,1,0,1
"McGinigle, K",0,0,0,1,1
"McGinley, B",0,0,1,0,1
"McGinnis, K",0,0,0,1,1
"McIntee, T",0,0,0,1,1
"McKay, K",0,0,1,0,1
"McKeever Bullard, K",0,0,1,0,1
"McKhann, G",1,0,0,0,1
"McLay, B",0,0,0,1,1
"McMahan, G",0,0,0,1,1
"McMahon, A",0,0,0,1,1
"Meacci, F",0,0,1,0,1
"Mechili, E",0,0,1,0,1
"Mecoli, C",0,0,1,0,1
"Medin, J",0,0,1,0,1
"Medina-Peralta, M",0,0,1,0,1
"Medina-Perucha, L",0,0,1,0,1
"Medlock, S",0,0,0,1,1
"Medrano-Martorell, S",0,0,1,0,1
"Mei, H",0,0,0,1,1
"Meier, A",1,0,0,0,1
"Melancon, B",0,0,0,1,1
"Meler-Claramonte, C",0,0,1,0,1
"Mellone, S",0,0,0,1,1
"Melo, A",0,0,1,0,1
"Mels, G",0,0,0,1,1
"Melton, G",0,0,0,1,1
"Melvin, R",1,0,0,0,1
"Meléndez, J",0,0,1,0,1
"Menashe, I",0,0,1,0,1
"Menashe, S",0,0,1,0,1
"Mendez, A",0,1,0,0,1
"Mendez, L",0,0,1,0,1
"Mendez, N",0,0,0,1,1
"Mendonca, E",1,0,0,0,1
"Menezes, R",0,0,1,0,1
"Meng, X",0,0,0,1,1
"Meng, Z",0,0,0,1,1
"Mensch, A",0,0,0,1,1
"Merkelbach, M",0,0,1,0,1
"Merson, L",0,0,1,0,1
"Messinger, A",0,0,0,1,1
"Metdaoui, D",0,0,1,0,1
"Meulder, B",0,0,1,0,1
"Meyer, A",0,0,0,1,1
"Meyer, H",0,0,1,0,1
"Miao, S",0,0,1,0,1
"Michael, C",0,0,0,1,1
"Michel, A",1,0,0,0,1
"Michos, E",0,0,1,0,1
"Middeke, J",0,0,0,1,1
"Miele, L",0,0,0,1,1
"Miguel Mateos Resinas, V",0,0,0,1,1
"Mihaltan, F",0,0,1,0,1
"Miladinovic, J",0,0,1,0,1
"Milis, G",0,0,1,0,1
"Miller, J",0,1,0,0,1
"Miller, S",0,0,1,0,1
"Mills, A",0,0,1,0,1
"Milov, D",0,0,0,1,1
"Min, J",0,0,1,0,1
"Miner, A",0,0,1,0,1
"Minhas, A",0,0,1,0,1
"Minisola, S",0,0,1,0,1
"Minn, D",0,0,1,0,1
"Minter, F",0,1,0,0,1
"Minto, E",0,0,0,1,1
"Miquel Dominguez, A",0,0,1,0,1
"Miquel-Dominguez, A",0,0,1,0,1
"Mirhaji, P",0,0,1,0,1
"Mishkin, A",0,0,1,0,1
"Mishra, S",0,0,0,1,1
"Miszczyk, M",0,0,1,0,1
"Mitchell, J",0,0,1,0,1
"Mizuno, A",0,0,1,0,1
"Mo, H",0,1,0,0,1
"Moal, B",0,0,0,1,1
"Mobley, H",0,0,0,1,1
"Modestou, T",0,0,1,0,1
"Modina, E",0,0,0,1,1
"Moelleken, M",0,0,0,1,1
"Moghimi, S",0,0,1,0,1
"Mohammadi, S",1,0,0,0,1
"Mok, J",0,0,1,0,1
"Mol, P",1,0,0,0,1
"Moldwin, Z",0,0,0,1,1
"Molina, L",0,0,1,0,1
"Molins-Vigatà, M",0,0,1,0,1
"Moll, K",1,0,0,0,1
"Mollis, B",0,0,1,0,1
"Mollà, M",0,0,1,0,1
"Molokhia, M",1,0,0,0,1
"Moncusi, M",0,0,1,0,1
"Mondorf, A",0,0,0,1,1
"Mongiu, A",0,0,1,0,1
"Monickaraj, J",0,0,0,1,1
"Montagut, N",0,0,1,0,1
"Montalbano, C",0,0,0,1,1
"Montell-Serrano, J",0,0,0,1,1
"Moon, H",0,0,1,0,1
"Moon, M",0,1,0,0,1
"Moon, S",0,0,1,0,1
"Moonen, J",0,0,0,1,1
"Moores, K",1,0,0,0,1
"Mora Corcovado, R",0,0,0,1,1
"Moradi, H",0,0,1,0,1
"Morasek, K",0,0,0,1,1
"Morawska, M",0,0,1,0,1
"Moreau, T",0,0,0,1,1
"Moreda-Sánchez, E",0,1,0,0,1
"Moreno Sierra, J",1,0,0,0,1
"Moreno, J",0,0,1,0,1
"Moreno-Conde, A",0,1,0,0,1
"Moreno-Conde, J",0,1,0,0,1
"Moreno-Martos, D",0,0,1,0,1
"Moreno-Parro, I",0,0,0,1,1
"Morgan, E",0,0,1,0,1
"Morgan, H",0,0,1,0,1
"Morgan, M",0,1,0,0,1
"Moride, Y",1,0,0,0,1
"Morizono, H",0,0,0,1,1
"Morrison, J",0,1,0,0,1
"Morrow, J",0,0,1,0,1
"Morton, J",0,0,1,0,1
"Morton, S",1,0,0,0,1
"Moscato, S",0,0,0,1,1
"Mosier, J",0,0,0,1,1
"Mosseveld, B",1,0,0,0,1
"Mottet, N",0,0,1,0,1
"Moua, K",0,0,1,0,1
"Mouazer, A",0,0,0,1,1
"Mouchet, A",0,0,0,1,1
"Moulder, K",0,0,0,1,1
"Mower, J",1,0,0,0,1
"Mowery, D",0,0,0,1,1
"Mozzillo, E",0,0,1,0,1
"Mruthyunjaya, P",0,0,1,0,1
"Muanda, F",0,0,0,1,1
"Mudie, R",0,0,0,1,1
"Mugeni, R",0,0,0,1,1
"Muhtar, M",0,0,1,0,1
"Mui, J",0,0,0,1,1
"Muir, C",0,0,1,0,1
"Mukherjee, C",0,0,1,0,1
"Mulgrave, J",1,0,0,0,1
"Mulick, A",0,0,1,0,1
"Mullerova, H",0,0,1,0,1
"Mullin, S",0,1,0,0,1
"Munro, K",0,0,0,1,1
"Murad, D",0,0,0,1,1
"Murali, T",1,0,0,0,1
"Murray, D",0,0,0,1,1
"Murugesan, S",0,0,0,1,1
"Musanabaganwa, C",0,0,0,1,1
"Muschelli, J",0,0,1,0,1
"Musen, M",0,0,0,1,1
"Musleh, K",0,0,0,1,1
"Muszynski, J",0,0,1,0,1
"Mutyala, S",0,0,0,1,1
"Muxí, A",0,0,1,0,1
"Muñoz Carrero, A",0,0,0,1,1
"Muñoz, M",0,0,1,0,1
"Myers, K",0,0,1,0,1
"Myers, S",0,0,1,0,1
"Myklebust, T",0,0,1,0,1
"Mæhle, P",0,0,1,0,1
"Ménager, M",0,0,0,1,1
"Méndez-Boo, L",0,0,0,1,1
"Na, H",0,0,0,1,1
"Nada, I",0,0,0,1,1
"Nadal-Almela, S",0,0,0,1,1
"Naderalvojoud, B",1,0,0,0,1
"Nadkarni, G",0,1,0,0,1
"Nair, V",1,0,0,0,1
"Najjemba, L",0,0,0,1,1
"Nakamura, K",0,0,1,0,1
"Nakashima, J",0,0,1,0,1
"Nakken, S",0,0,1,0,1
"Nam, K",0,0,0,1,1
"Nam, S",0,0,1,0,1
"Namjou, B",0,0,0,1,1
"Nandagopal, J",0,0,0,1,1
"Naranjo, A",0,0,1,0,1
"Narayana, R",0,0,1,0,1
"Narvaez, J",0,0,1,0,1
"Nasirian, A",0,0,0,1,1
"Natarjan, K",0,0,1,0,1
"Nateghi Haredasht, F",0,0,1,0,1
"Natrajan, K",0,0,1,0,1
"Navarro, A",0,0,0,1,1
"Nayee, B",0,0,0,1,1
"Nazarzadeh, M",0,0,1,0,1
"Ndumele, C",0,0,1,0,1
"Neasham, D",0,0,0,1,1
"Nebeker, J",0,0,1,0,1
"Negrini, S",0,0,1,0,1
"Nelissen, J",1,0,0,0,1
"Nelson, J",1,0,0,0,1
"Nemati, S",1,0,0,0,1
"Nemes, C",0,0,0,1,1
"Nennecke, A",0,0,0,1,1
"Neo, J",0,0,0,1,1
"Nesmiian, T",0,1,0,0,1
"Nessel, C",1,0,0,0,1
"Neuberg, D",0,0,0,1,1
"Neugut, A",1,0,0,0,1
"Neumaier, M",0,0,0,1,1
"Neumann, A",0,0,1,0,1
"Neumann, D",0,1,0,0,1
"Neves, M",1,0,0,0,1
"Newbern, E",0,0,1,0,1
"Newbury, A",0,0,1,0,1
"Newcomb, C",0,0,1,0,1
"Ng'etich, M",0,0,0,1,1
"Ng, A",0,0,0,1,1
"Ng, D",1,0,0,0,1
"Ng, J",0,0,1,0,1
"Ng, M",0,0,1,0,1
"Nguyen, Q",1,0,0,0,1
"Nguyen, T",0,0,1,0,1
"Nicholson, B",0,0,1,0,1
"Nicklin, S",0,0,0,1,1
"Nieboer, D",0,0,1,0,1
"Nielsen, S",0,0,1,0,1
"Nieminen, T",0,0,1,0,1
"Nieri, P",0,0,1,0,1
"Niessen, H",0,0,1,0,1
"Nikai, E",0,0,0,1,1
"Nikiforaki, K",0,0,0,1,1
"Nikolaidis, G",0,0,1,0,1
"Nikolopoulos, S",0,0,1,0,1
"Nind, T",0,0,0,1,1
"Ning, Y",1,0,0,0,1
"Nishimwe, A",0,0,0,1,1
"Nkodo, E",0,0,1,0,1
"Nkurikiyeyezu, K",0,0,0,1,1
"Nogues, X",0,0,1,0,1
"Noh, S",0,0,0,1,1
"Nomura, K",0,0,0,1,1
"Nookala, L",0,0,0,1,1
"Nord, M",0,0,1,0,1
"Normando, P",0,0,0,1,1
"Northstone, K",0,0,0,1,1
"Noseworthy, P",0,0,0,1,1
"Noshad, M",1,0,0,0,1
"Nothacker, J",0,0,0,1,1
"Novelli, N",1,0,0,0,1
"Nsanzimana, S",0,0,0,1,1
"Nudleman, E",0,0,1,0,1
"Nussbaum, D",0,0,0,1,1
"Nwankwo, V",0,0,1,0,1
"Nybo, M",0,0,1,0,1
"Nzabanita, J",0,0,0,1,1
"Núñez-Benjumea, F",0,1,0,0,1
"Nürnberg, S",0,0,0,1,1
"Nüßler, F",0,0,0,1,1
"O'Donnell, C",0,0,1,0,1
"O'Donnell, K",0,0,0,1,1
"O'Hanlon, S",0,0,1,0,1
"O'Keefe, G",0,0,1,0,1
"O'Leary, C",0,0,1,0,1
"O'Reilly, S",0,0,1,0,1
"O'Rilley, S",1,0,0,0,1
"Obeid, J",0,0,0,1,1
"Obenchain, R",0,0,1,0,1
"Obene, T",1,0,0,0,1
"Oberle, E",0,0,1,0,1
"Oberprieler, N",0,0,1,0,1
"Oeffinger, D",0,0,1,0,1
"Oehsen, J",0,0,0,1,1
"Oeltze-Jafra, S",0,0,0,1,1
"Oeste, C",0,0,1,0,1
"Ogunyemi, O",0,0,0,1,1
"Oh, A",0,0,1,0,1
"Oh, M",0,0,1,0,1
"Oh, T",0,0,1,0,1
"Ohmann, C",1,0,0,0,1
"Ohri, R",1,0,0,0,1
"Oikonomou, E",1,0,0,0,1
"Ojamaa, K",0,0,0,1,1
"Okami, S",0,0,1,0,1
"Okhmatovskaia, A",0,0,0,1,1
"Okonor, O",0,0,0,1,1
"Okusi, C",0,0,1,0,1
"Olex, A",0,0,1,0,1
"Oliveira, V",0,0,0,1,1
"Oliver, M",0,0,0,1,1
"Oliver-Garcia, E",0,0,0,1,1
"Ollivere, B",0,0,0,1,1
"Omondi, E",0,0,0,1,1
"Ompad, G",0,0,0,1,1
"Omrani, M",0,0,0,1,1
"Omulo, H",0,0,1,0,1
"Onana, M",0,0,0,1,1
"Oneta, O",0,0,1,0,1
"Ong, E",0,0,0,1,1
"Ong, R",0,0,0,1,1
"Oniani, D",0,0,0,1,1
"Oomens, J",0,0,0,1,1
"Oostenbrink, R",0,0,1,0,1
"Opoku-Anane, J",0,0,1,0,1
"Orlova, A",0,0,0,1,1
"Orlova, N",0,0,0,1,1
"Ormiston-Smith, D",0,0,0,1,1
"Orphanou, K",0,0,0,1,1
"Orsini, M",0,0,0,1,1
"Orton, C",0,0,0,1,1
"Osborn, D",0,0,1,0,1
"Oskotsky, T",0,0,1,0,1
"Ostrovskiy, S",0,0,0,1,1
"Ott, A",0,0,0,1,1
"Ouagne, D",0,0,0,1,1
"Ouazzani, K",0,0,0,1,1
"Overhage, M",1,0,0,0,1
"Owen, R",0,0,0,1,1
"Owoko, H",0,0,0,1,1
"Ozgur, A",0,0,0,1,1
"Ozonze, O",0,0,0,1,1
"P Satagopam, V",0,0,0,1,1
"Pablo, R",0,0,0,1,1
"Pacaci, A",0,0,0,1,1
"Page, D",1,0,0,0,1
"Pajer, K",0,0,1,0,1
"Pajvani, U",0,0,1,0,1
"Paka, V",0,0,0,1,1
"Palanisamy, S",0,0,1,0,1
"Palmer, N",0,0,0,1,1
"Palmira Amaral, A",0,0,1,0,1
"Palomar, A",0,1,0,0,1
"Paloots, R",0,0,0,1,1
"Palou, E",0,0,1,0,1
"Panagiotakopoulos, G",0,0,1,0,1
"Panagiotopoulou, M",1,0,0,0,1
"Pang, E",0,0,1,0,1
"Papadodima, O",0,0,1,0,1
"Papapostolou, G",0,0,0,1,1
"Pappas, G",0,0,0,1,1
"Pappuru, R",0,0,1,0,1
"Paraíso-Medina, S",0,0,0,1,1
"Pardee, R",0,0,0,1,1
"Parekh, H",0,0,1,0,1
"Parente-Arias, P",0,0,1,0,1
"Parhi, P",0,0,1,0,1
"Pariani, M",0,0,1,0,1
"Parikh, A",0,0,1,0,1
"Parimbelli, E",0,1,0,0,1
"Parizo, J",0,0,1,0,1
"Parker, C",0,0,0,1,1
"Parmanto, B",0,0,0,1,1
"Parra Rodriguez-Armijo, M",0,0,0,1,1
"Parra-Calderón, C",0,0,0,1,1
"Parry, J",0,0,1,0,1
"Parsons, M",0,0,0,1,1
"Pasha, A",0,0,1,0,1
"Pasmooij, A",0,0,1,0,1
"Pasquale, M",1,0,0,0,1
"Passey, A",0,0,1,0,1
"Patel, B",1,0,0,0,1
"Patel, J",0,0,0,1,1
"Patel, K",1,0,0,0,1
"Patel, M",0,0,0,1,1
"Patel, P",1,0,0,0,1
"Patel, R",0,0,1,0,1
"Patel, T",0,0,1,0,1
"Paterson, J",0,0,1,0,1
"Patibandla, N",0,0,0,1,1
"Patnoe, S",0,0,1,0,1
"Pau, D",0,0,0,1,1
"Paules, C",0,0,1,0,1
"Paulus, V",0,0,1,0,1
"Pav, V",0,0,0,1,1
"Pavkov, M",0,0,1,0,1
"Pavlisa, G",0,0,1,0,1
"Pawloski, P",0,0,1,0,1
"Payen, A",0,0,0,1,1
"Payne, P",0,0,1,0,1
"Pazos, A",0,1,0,0,1
"Pearl, F",0,0,1,0,1
"Peck, M",0,0,1,0,1
"Pedregal-Pascual, P",0,0,1,0,1
"Pedrera Jiménez, M",0,0,1,0,1
"Pedrera, M",0,0,0,1,1
"Pedrera-Jiménez, M",0,0,0,1,1
"Pedroso Camargos, A",0,0,1,0,1
"Peeters, L",0,0,1,0,1
"Pei, Z",0,0,0,1,1
"Peleg, M",0,0,1,0,1
"Pembroke, C",0,0,1,0,1
"Peng, X",0,1,0,0,1
"Penning-van Beest, F",0,0,1,0,1
"Pentheroudakis, G",1,0,0,0,1
"Percha, B",0,1,0,0,1
"Perera, S",0,0,0,1,1
"Perez-Vilar, S",0,0,1,0,1
"Periyakoil, V",1,0,0,0,1
"Perna, M",0,0,1,0,1
"Perry Cohen, N",0,0,0,1,1
"Peruchet-Noray, L",0,0,1,0,1
"Peters, B",0,0,0,1,1
"Peters, F",1,0,0,0,1
"Petersen, I",0,0,1,0,1
"Petkov, V",0,0,0,1,1
"Petrone, A",0,0,1,0,1
"Petrović, G",0,0,1,0,1
"Pettorelli, E",0,0,0,1,1
"Peviani, A",0,0,0,1,1
"Peñafiel Macias, P",0,0,0,1,1
"Pham, H",0,1,0,0,1
"Pham, M",1,0,0,0,1
"Philip, R",0,0,0,1,1
"Phillips Hey, S",0,0,0,1,1
"Phillips, L",0,1,0,0,1
"Philofsky, M",0,0,0,1,1
"Piacentini, F",0,0,0,1,1
"Pieper, S",0,1,0,0,1
"Pierce, B",0,0,1,0,1
"Pierce, I",0,0,0,1,1
"Pierre-Jean, M",0,1,0,0,1
"Pigeot, I",0,0,0,1,1
"Pignatti, F",1,0,0,0,1
"Piho, G",0,0,0,1,1
"Pinedo-Villanueva, R",0,0,1,0,1
"Pinheiro, L",1,0,0,0,1
"Pinheiro, S",1,0,0,0,1
"Pinnau, M",0,1,0,0,1
"Pintaudi, B",0,0,1,0,1
"Pipaliya, R",0,1,0,0,1
"Pires, F",0,0,0,1,1
"Pishko, A",0,0,1,0,1
"Pistillidou, I",0,0,1,0,1
"Pittman, T",0,1,0,0,1
"Plaikner, S",0,0,0,1,1
"Planat, V",0,0,0,1,1
"Platt, J",0,0,1,0,1
"Platt, R",0,0,0,1,1
"Plebani, P",0,0,0,1,1
"Pliatsika, J",0,0,1,0,1
"Plovnick, R",0,0,0,1,1
"Podchiyska, T",1,0,0,0,1
"Pohrib, S",0,0,1,0,1
"Polce, F",0,1,0,0,1
"Polderman, T",0,0,0,1,1
"Pole, J",0,0,0,1,1
"Poletti, D",0,0,1,0,1
"Poling, J",0,0,1,0,1
"Polony, V",0,1,0,0,1
"Poncet, A",0,1,0,0,1
"Popham, D",0,0,0,1,1
"Popma, A",0,0,0,1,1
"Popovic, S",0,0,1,0,1
"Porsbjerg, C",0,0,1,0,1
"Porterfield, J",0,0,1,0,1
"Portillo van Diest, A",0,1,0,0,1
"Portillo-Van Diest, A",0,1,0,0,1
"Postigo, R",0,0,1,0,1
"Postmus, D",1,0,0,0,1
"Pournik, O",0,0,0,1,1
"Powell, D",0,0,1,0,1
"Power, L",0,0,0,1,1
"Prado, M",0,0,0,1,1
"Praet, N",0,0,1,0,1
"Prantl, S",0,1,0,0,1
"Prasad, R",0,0,1,0,1
"Prasser, F",0,1,0,0,1
"Prat, A",0,0,1,0,1
"Price, B",0,0,1,0,1
"Price, D",0,0,1,0,1
"Price, E",0,0,1,0,1
"Price, G",0,0,1,0,1
"Price, M",0,0,0,1,1
"Price, N",0,0,1,0,1
"Priesterroth, L",0,0,1,0,1
"Prieto Arribas, D",0,0,0,1,1
"Prieto-Merino, D",1,0,0,0,1
"Prinz, M",0,0,0,1,1
"Prior, F",0,1,0,0,1
"Pristaš, I",0,0,1,0,1
"Prochaska, E",0,1,0,0,1
"Prodan, B",0,0,0,1,1
"Profili, F",0,0,1,0,1
"Proia, K",0,0,1,0,1
"Przysucha, M",0,0,0,1,1
"Psaty, B",1,0,0,0,1
"Puco, K",0,0,0,1,1
"Pulgarin, C",0,0,0,1,1
"Pulido, P",0,0,1,0,1
"Pulver, G",0,0,1,0,1
"Puram, D",0,0,1,0,1
"Purfürst, L",0,0,0,1,1
"Puri, P",0,0,1,0,1
"Purmal, C",0,0,0,1,1
"Pusztai, L",0,0,1,0,1
"Pérez Garriga, A",0,1,0,0,1
"Pérez Sola, V",0,1,0,0,1
"Pérez-Mitru, A",0,0,1,0,1
"Pérez-Sola, V",0,1,0,0,1
"Pölzl, G",0,1,0,0,1
"Qian, J",0,0,1,0,1
"Qiao, S",0,0,1,0,1
"Qin, Y",0,0,1,0,1
"Qiu, H",0,0,1,0,1
"Qiu, R",0,0,1,0,1
"Quach, J",0,0,0,1,1
"Quaranta, M",0,0,0,1,1
"Quaye, A",0,0,1,0,1
"Quazi, A",0,0,1,0,1
"Quindroit, P",0,0,0,1,1
"Quinn, T",0,1,0,0,1
"Quinnies, K",0,0,1,0,1
"Quiroz, J",0,0,0,1,1
"Quiroz, Y",0,0,1,0,1
"Quon, J",0,0,0,1,1
"Ra, Y",0,0,1,0,1
"Rabasa, G",0,0,1,0,1
"Rabbone, I",0,0,1,0,1
"Racz, R",0,0,0,1,1
"Rader, D",0,0,1,0,1
"Radgoudarzi, N",0,0,0,1,1
"Radha Saseendrakumar, B",0,0,1,0,1
"Rae, A",0,1,0,0,1
"Raebel, M",0,0,0,1,1
"Raffaele Resta, G",0,0,1,0,1
"Rah, Y",0,0,1,0,1
"Rahimi, K",0,0,1,0,1
"Raisaro, J",0,0,0,1,1
"Raja, K",0,0,0,1,1
"Rajagopal, G",0,0,1,0,1
"Ramachandran, K",1,0,0,0,1
"Rambla, J",0,0,0,1,1
"Ramsey-Hardy, C",0,0,0,1,1
"Ramírez, R",0,0,1,0,1
"Rana, M",0,0,0,1,1
"Ranade, D",0,0,0,1,1
"Ranallo, P",0,0,0,1,1
"Randhawa, G",0,0,1,0,1
"Randmaa, R",0,0,0,1,1
"Ranganath, R",1,0,0,0,1
"Rao, P",0,0,0,1,1
"Rao, W",0,0,1,0,1
"Rapisarda, V",0,0,1,0,1
"Rasheed, A",0,1,0,0,1
"Raskov, H",0,0,1,0,1
"Rasmussen, K",0,0,0,1,1
"Rath, N",1,0,0,0,1
"Rathod-Mistry, T",0,0,1,0,1
"Ratwani, S",0,0,0,1,1
"Raumann, B",0,1,0,0,1
"Rausch, K",1,0,0,0,1
"Ravaud, P",0,0,1,0,1
"Raza, A",0,0,0,1,1
"Readhead, B",0,0,1,0,1
"Reali, P",0,0,0,1,1
"Reckard, A",0,0,1,0,1
"Reddy, S",0,0,1,0,1
"Reedy, C",1,0,0,0,1
"Reel, P",0,0,0,1,1
"Reel, S",0,0,0,1,1
"Reeve, M",1,0,0,0,1
"Regge, D",0,0,0,1,1
"Rehana, H",0,0,0,1,1
"Reilly, G",0,0,0,1,1
"Reilly, M",0,0,1,0,1
"Reiman, E",0,0,1,0,1
"Reis, J",0,1,0,0,1
"Reiter, K",0,0,0,1,1
"Rello, J",0,0,1,0,1
"Ren, L",0,0,1,0,1
"Ren, Y",1,0,0,0,1
"Renard, B",0,1,0,0,1
"Renata Siimon, Õ",0,0,0,1,1
"Rentko, V",0,0,0,1,1
"Renz, H",0,0,0,1,1
"Resnic, F",0,0,0,1,1
"Restrepo-Méndez, M",0,0,1,0,1
"Reusche, M",0,1,0,0,1
"Reuter-Rice, K",0,0,0,1,1
"Revie, L",0,0,0,1,1
"Reyes Nieva, H",0,0,0,1,1
"Reyes, M",0,0,1,0,1
"Reynolds, C",0,0,0,1,1
"Rhee, Y",1,0,0,0,1
"Rho, H",0,0,1,0,1
"Rho, M",0,1,0,0,1
"Ribeyre, B",0,0,0,1,1
"Riboni, G",0,0,0,1,1
"Richard, J",0,0,1,0,1
"Ricket, I",0,1,0,0,1
"Rieder, C",0,0,0,1,1
"Riedlinger, K",0,0,0,1,1
"Rieux-Laucat, F",0,0,0,1,1
"Rijneek, P",0,0,1,0,1
"Rinaldi, E",0,0,0,1,1
"Ripple, A",1,0,0,0,1
"Rising, S",0,0,0,1,1
"Ritchie, A",0,0,0,1,1
"Ritchie, M",0,0,1,0,1
"Rivas, J",0,0,1,0,1
"Rivera, M",1,0,0,0,1
"Rivera-Sepulveda, A",1,0,0,0,1
"Rjinbeek, P",0,0,1,0,1
"Roadknight, G",0,0,0,1,1
"Roan, K",0,0,0,1,1
"Robbins, S",0,0,0,1,1
"Robert, S",0,0,0,1,1
"Roberto, G",0,0,0,1,1
"Robinson, M",0,0,1,0,1
"Robinson, N",0,0,1,0,1
"Robison, B",0,0,0,1,1
"Roboz, G",0,0,0,1,1
"Rocca, M",0,0,0,1,1
"Rodeiro-Boliart, J",0,0,1,0,1
"Roderer, N",0,0,0,1,1
"Rodrigues-Jr, J",0,0,0,1,1
"Rodriguez, C",0,0,0,1,1
"Rodriguez, D",0,0,1,0,1
"Rodriguez, Y",0,0,1,0,1
"Rodriguez-Molina, D",0,0,1,0,1
"Rodriguez-Sanchez, L",0,0,1,0,1
"Rodrigáñez, L",0,0,1,0,1
"Rodríguez-Antolín, C",0,1,0,0,1
"Rodríguez-Rodríguez, L",0,1,0,0,1
"Roemmich, R",0,0,0,1,1
"Rogalsky, E",0,0,1,0,1
"Roger, J",0,0,1,0,1
"Rogers Driscoll, M",0,0,1,0,1
"Roh, H",0,0,1,0,1
"Roh, S",0,0,1,0,1
"Rohde, C",1,0,0,0,1
"Rohde, J",0,0,1,0,1
"Rohr, U",1,0,0,0,1
"Rohrberg, K",0,0,0,1,1
"Roig, A",0,0,1,0,1
"Rojas-Carabali, W",0,0,1,0,1
"Rojas-Lechuga, M",0,0,1,0,1
"Rojo, E",0,0,0,1,1
"Roldán López, Á",0,1,0,0,1
"Rolka, D",0,0,1,0,1
"Romanelli, P",0,0,1,0,1
"Romano, J",1,0,0,0,1
"Romao, L",0,0,0,1,1
"Romio, S",1,0,0,0,1
"Rommes, S",0,1,0,0,1
"Roncaglia, P",0,0,0,1,1
"Rosa, J",0,1,0,0,1
"Rose, P",0,1,0,0,1
"Roselló Serrano, À",0,0,1,0,1
"Rosenberg, D",0,0,1,0,1
"Rosenbloom, S",0,0,0,1,1
"Rosenman, M",1,0,0,0,1
"Rosenthal, E",0,0,0,1,1
"Roshdi, M",0,0,0,1,1
"Ross, P",0,0,0,1,1
"Ross, T",0,0,0,1,1
"Rossi, M",0,0,1,0,1
"Rothkötter, H",0,0,0,1,1
"Rothman, R",0,0,1,0,1
"Roumie, C",0,0,1,0,1
"Roupe, G",0,1,0,0,1
"Roux, C",0,0,1,0,1
"Rozenblit, M",0,0,1,0,1
"Ruan, E",0,0,1,0,1
"Ruan, X",0,0,0,1,1
"Ruber, G",0,0,0,1,1
"Rubin, R",0,0,0,1,1
"Rubio, O",0,0,1,0,1
"Rubio, P",0,0,0,1,1
"Rudisill, P",0,0,0,1,1
"Rudolph, A",0,0,1,0,1
"Rudolph, S",0,0,0,1,1
"Ruiz, L",0,0,1,0,1
"Rujano, M",1,0,0,0,1
"Rundek, T",0,0,1,0,1
"Rundle, A",0,0,1,0,1
"Runion, T",0,0,1,0,1
"Ruprecht, T",0,1,0,0,1
"Ruranga, C",0,0,0,1,1
"Russell, B",0,0,1,0,1
"Russell, S",0,0,1,0,1
"Rustam, Z",0,0,1,0,1
"Rutenberg, E",0,1,0,0,1
"Ruth, B",0,0,0,1,1
"Ruttenberg, A",0,0,0,1,1
"Rutter, J",1,0,0,0,1
"Ryang, S",0,0,1,0,1
"Röhrig, R",0,1,0,0,1
"Röllig, C",0,0,0,1,1
"Rönnefarth, M",0,0,0,1,1
"Sa, Z",0,0,0,1,1
"Saade, G",0,0,1,0,1
"Sabbatini, R",0,0,0,1,1
"Sabit, A",0,0,1,0,1
"Saborit-Torres, J",0,0,0,1,1
"Sadda, S",0,0,1,0,1
"Sadovy, B",0,0,0,1,1
"Sadowski, K",0,1,0,0,1
"Sadsad, R",0,0,0,1,1
"Saelmans, A",1,0,0,0,1
"Safford, M",0,0,0,1,1
"Safo, S",0,0,1,0,1
"Sahner, D",1,0,0,0,1
"Said, A",0,0,0,1,1
"Saito, Y",0,0,1,0,1
"Sakalis, V",0,0,1,0,1
"Sakilay, S",0,1,0,0,1
"Salamanca, E",0,0,0,1,1
"Salamon, K",1,0,0,0,1
"Salek, S",0,0,1,0,1
"Salinero-Fort, M",0,1,0,0,1
"Sallai, A",0,0,0,1,1
"Salles, T",0,0,0,1,1
"Saludes, V",0,0,1,0,1
"Samans, B",0,1,0,0,1
"Sambres, M",1,0,0,0,1
"Sampieri, C",0,0,1,0,1
"Samwald, M",0,0,1,0,1
"Sanavia, T",0,0,0,1,1
"Sanchez-Santos, M",0,0,1,0,1
"Sandberg, L",0,0,1,0,1
"Sandrin, A",0,0,0,1,1
"Sanghvi, H",0,0,1,0,1
"Santana, C",0,0,1,0,1
"Santangelo, R",0,0,1,0,1
"Santangelo, S",0,0,1,0,1
"Santos, C",0,0,0,1,1
"Saptono, A",0,0,0,1,1
"Sarachan, B",0,1,0,0,1
"Sarajlić, G",0,0,1,0,1
"Sarayani, A",0,0,1,0,1
"Saripalle, R",0,0,0,1,1
"Sarker, S",0,0,0,1,1
"Sarnak, D",0,0,0,1,1
"Sarntivijai, S",0,0,0,1,1
"Saroufim, P",1,0,0,0,1
"Sarraju, A",0,0,1,0,1
"Sarrat-González, D",0,1,0,0,1
"Sartori, D",0,0,1,0,1
"Satagopam, V",0,0,0,1,1
"Sauer, B",1,0,0,0,1
"Saunders, G",0,0,0,1,1
"Saura-Lazaro, A",0,0,1,0,1
"Savage, R",0,0,1,0,1
"Savova, G",0,1,0,0,1
"Sawyer, H",0,0,1,0,1
"Sayers, S",0,0,0,1,1
"Saygin, D",0,0,1,0,1
"Saykin, A",0,0,0,1,1
"Sazo, N",0,0,0,1,1
"Scanga, A",0,0,1,0,1
"Scarnecchia, T",1,0,0,0,1
"Schade, R",0,0,1,0,1
"Schade-Brittinger, C",0,0,0,1,1
"Schaffhauser, B",1,0,0,0,1
"Scheider, S",0,0,0,1,1
"Schelnast, A",0,0,0,1,1
"Scheuemie, M",1,0,0,0,1
"Scheuermann, R",0,0,0,1,1
"Scheumie, M",0,0,1,0,1
"Schiel, A",0,0,1,0,1
"Schiffer-Kane, K",0,0,0,1,1
"Schilder, A",0,0,0,1,1
"Schiphof-Godart, L",1,0,0,0,1
"Schito, M",0,0,1,0,1
"Schiver, E",0,0,0,1,1
"Schleich, F",0,0,1,0,1
"Schlueter, D",0,1,0,0,1
"Schlüter, A",0,0,0,1,1
"Schmid, S",0,0,1,0,1
"Schmidt, F",0,1,0,0,1
"Schmidt, L",0,1,0,0,1
"Schmitt, J",0,0,1,0,1
"Schmitz, A",0,0,0,1,1
"Schmücker, P",0,0,0,1,1
"Schnall, R",0,1,0,0,1
"Schram, M",0,0,0,1,1
"Schuler, C",0,0,0,1,1
"Schuler, E",0,0,1,0,1
"Schultz, B",0,0,0,1,1
"Schulz, N",1,0,0,0,1
"Schwalm, M",1,0,0,0,1
"Schwarz, P",0,0,0,1,1
"Schöberl, A",0,0,0,1,1
"Schönfeld, N",0,0,0,1,1
"Schönrath, K",0,0,0,1,1
"Schüttler, C",0,1,0,0,1
"Scobbie, D",0,0,0,1,1
"Scorsetti, M",0,0,1,0,1
"Scotti, L",1,0,0,0,1
"Scotti, V",0,0,1,0,1
"Scudeller, L",0,0,0,1,1
"Sears, C",0,0,1,0,1
"Sebastiani, P",0,0,1,0,1
"Sebire, N",0,0,0,1,1
"Secora, A",0,0,1,0,1
"Sedig, K",0,0,0,1,1
"Sedki, K",0,0,0,1,1
"Sedlmayr, B",0,1,0,0,1
"Segundo, E",0,0,0,1,1
"Seim, A",0,0,0,1,1
"Seleznev, A",0,0,0,1,1
"Selles, R",0,0,1,0,1
"Selvin, E",0,0,1,0,1
"Semakula, M",0,0,0,1,1
"Semple, M",0,0,0,1,1
"Seo, B",0,0,0,1,1
"Seo, D",0,0,1,0,1
"Seo, E",0,0,1,0,1
"Seo, J",0,0,0,1,1
"Seo, M",0,0,1,0,1
"Seok, J",0,0,0,1,1
"Seong, J",0,0,0,1,1
"Seong, Y",0,0,0,1,1
"Serper, M",0,0,1,0,1
"Serrano Balazote, P",0,0,1,0,1
"Serrano, P",0,0,0,1,1
"Serrano-Balazote, P",0,0,0,1,1
"Serret-Larmande, A",0,0,0,1,1
"Serve, H",0,0,0,1,1
"Sessa, M",0,0,0,1,1
"Setiawan, C",0,0,1,0,1
"Setälä, M",0,0,0,1,1
"Seuchter, S",0,0,0,1,1
"Sevareid-Groth, T",0,0,0,1,1
"Sexton, K",0,1,0,0,1
"Seymour, D",0,0,0,1,1
"Sfakianakis, S",0,0,0,1,1
"Shaddox, T",1,0,0,0,1
"Shah, R",0,1,0,0,1
"Shah, S",0,0,1,0,1
"Shaikh, J",0,0,1,0,1
"Shallcross, L",0,0,0,1,1
"Shan, T",0,0,1,0,1
"Shang, Y",0,1,0,0,1
"Shankar, N",0,0,1,0,1
"Shaoibi, A",1,0,0,0,1
"Shapiro, A",0,0,0,1,1
"Sharafeldin, N",0,0,1,0,1
"Sharma, H",0,0,0,1,1
"Sharma, R",0,0,1,0,1
"Shashikumar, S",1,0,0,0,1
"Shaw, A",0,0,1,0,1
"Sheahan, A",0,0,1,0,1
"Sheils, N",1,0,0,0,1
"Shen, F",0,1,0,0,1
"Shen, P",0,0,0,1,1
"Shen, R",1,0,0,0,1
"Shen, Y",0,0,1,0,1
"Shenhav, S",0,0,1,0,1
"Sherlock, J",0,0,1,0,1
"Sherwin, E",0,0,1,0,1
"Shi, J",0,0,0,1,1
"Shi, W",0,0,0,1,1
"Shibaki, R",0,0,1,0,1
"Shields, A",0,0,0,1,1
"Shih, G",0,1,0,0,1
"Shih, M",0,0,1,0,1
"Shih, Y",1,0,0,0,1
"Shipherd, J",0,0,1,0,1
"Shoemark, A",0,0,0,1,1
"Shoshtarian Malak, J",0,0,0,1,1
"Shrestha, S",0,0,1,0,1
"Shubov, M",1,0,0,0,1
"Sibert, N",0,0,0,1,1
"Sicuranza, M",0,0,0,1,1
"Sidhu, S",0,0,1,0,1
"Siebel, J",0,0,0,1,1
"Siegel, K",0,0,1,0,1
"Siew, E",0,0,1,0,1
"Signorini, M",0,0,0,1,1
"Sild, A",0,0,0,1,1
"Silva, H",0,0,1,0,1
"Silva, J",0,0,0,1,1
"Silverwood, R",0,0,1,0,1
"Sim, I",0,0,0,1,1
"Simmerling, M",0,0,1,0,1
"Simon, A",0,0,0,1,1
"Simon, S",1,0,0,0,1
"Simonetti, G",0,0,1,0,1
"Sims, J",0,0,0,1,1
"Sin, M",0,0,0,1,1
"Sinaci, A",0,0,0,1,1
"Sinclair, J",0,0,0,1,1
"Singh, A",0,0,1,0,1
"Singh, J",0,0,1,0,1
"Sippel Schmidt, T",0,0,0,1,1
"Sirintrapun, S",0,0,0,1,1
"Sirish, P",0,0,1,0,1
"Sirota, M",0,0,1,0,1
"Skanderson, M",0,0,0,1,1
"Skidmore, E",0,0,0,1,1
"Skjødt, M",0,0,1,0,1
"Skrgat, S",0,0,1,0,1
"Skuhareuskaya, T",0,0,0,1,1
"Slamanig, G",0,1,0,0,1
"Slattery, J",0,0,0,1,1
"Sliz, P",0,0,0,1,1
"Sloan-Murphy, D",0,0,0,1,1
"Smeeth, L",0,0,1,0,1
"Smith, B",0,0,0,1,1
"Smith, C",0,0,1,0,1
"Smith, G",0,0,1,0,1
"Smith, J",1,0,0,0,1
"Smith, P",0,0,0,1,1
"Smith, S",0,0,0,1,1
"Smith-McLallen, A",0,0,1,0,1
"Smits, E",0,0,1,0,1
"Soares, A",0,0,0,1,1
"Sobel, R",0,0,1,0,1
"Soby, S",0,0,0,1,1
"Soerjomataram, I",0,0,1,0,1
"Soff, J",0,0,0,1,1
"Sohal, S",0,0,0,1,1
"Sohn, M",0,0,1,0,1
"Sohn, S",0,0,1,0,1
"Solbrig, H",0,0,0,1,1
"Soledad Cepeda, M",0,0,0,1,1
"Solomonides, A",1,0,0,0,1
"Solovyev, P",0,0,0,1,1
"Sombutjaroan, S",1,0,0,0,1
"Son, D",0,0,0,1,1
"Son, Y",0,0,0,1,1
"Sonawane, K",1,0,0,0,1
"Song, B",0,0,1,0,1
"Song, H",0,0,1,0,1
"Song, Q",0,0,1,0,1
"Sont, J",0,0,1,0,1
"Sorbello, A",1,0,0,0,1
"Sorlí Redó, L",0,0,1,0,1
"Soroya, M",0,0,1,0,1
"Soto-Díaz, S",0,1,0,0,1
"Soucy, J",0,0,0,1,1
"Soursou, G",0,0,1,0,1
"South, A",0,0,0,1,1
"South, B",0,0,0,1,1
"Southard, C",0,1,0,0,1
"Southwell, B",0,0,0,1,1
"Souverein, P",0,0,1,0,1
"Spalding, J",0,0,0,1,1
"Spallanzani, A",0,0,0,1,1
"Spasic, D",0,0,1,0,1
"Spears, P",0,0,0,1,1
"Spital, C",0,1,0,0,1
"Spivakovsky, P",0,0,1,0,1
"Spolti, A",0,0,1,0,1
"Spotniz, M",0,0,1,0,1
"Spriggs, R",0,0,0,1,1
"Springer, C",0,0,1,0,1
"Springstubbe, S",0,0,0,1,1
"Sproviero, W",0,0,1,0,1
"Srisuwananukorn, A",0,0,0,1,1
"Staab, J",0,0,0,1,1
"Staeubert, S",0,1,0,0,1
"Stagg, B",0,0,0,1,1
"Stahl, C",0,0,1,0,1
"Starren, J",0,0,0,1,1
"Steele, D",0,0,0,1,1
"Stefanski, A",0,0,0,1,1
"Steiner, C",0,0,1,0,1
"Steiner, J",0,0,0,1,1
"Steininger, L",0,1,0,0,1
"Steinmeyer, J",0,0,0,1,1
"Stern, A",0,0,1,0,1
"Stierman, E",0,0,0,1,1
"Stipancic, A",0,0,0,1,1
"Stjepanovic, M",0,0,1,0,1
"Stone, D",0,0,0,1,1
"Stone, T",0,0,0,1,1
"Stovall, R",0,0,1,0,1
"Strantz, C",0,1,0,0,1
"Street, W",1,0,0,0,1
"Stroomberg, H",0,0,1,0,1
"Struebing, A",0,1,0,0,1
"Stuppia, M",0,1,0,0,1
"Stuvek, B",0,0,1,0,1
"Su, J",0,0,1,0,1
"Subramanian, D",1,0,0,0,1
"Sudo, K",0,0,1,0,1
"Suehs, B",1,0,0,0,1
"Sufrate-Vergara, B",0,0,0,1,1
"Suh, H",0,0,1,0,1
"Suh, Y",0,0,1,0,1
"Sun, D",0,0,1,0,1
"Sun, N",0,0,0,1,1
"Sunami, K",0,0,1,0,1
"Sung, M",1,0,0,0,1
"Sunshine, J",0,0,1,0,1
"Surampalli, S",0,0,0,1,1
"Suresh, S",0,0,1,0,1
"Suriyaphol, P",1,0,0,0,1
"Suruki, R",0,0,1,0,1
"Susser, E",0,0,1,0,1
"Sutherland, J",0,0,0,1,1
"Suver, C",0,0,0,1,1
"Suzuki, A",0,0,1,0,1
"Swain, S",0,0,1,0,1
"Sweeney, B",0,0,0,1,1
"Sweeney, T",1,0,0,0,1
"Syed, M",0,1,0,0,1
"Syed, S",0,1,0,0,1
"Syeda, H",0,1,0,0,1
"Symmers, N",0,0,1,0,1
"Szarfman, A",0,0,0,1,1
"Szczepanski, P",0,0,0,1,1
"Székely, O",0,0,0,1,1
"Sánchez Barrueco, Á",0,0,1,0,1
"Sánchez Esquivel, J",0,0,0,1,1
"Sánchez-Martín, J",0,0,1,0,1
"Sánchez-Pla, A",1,0,0,0,1
"Sánchez-Sáez, F",0,0,1,0,1
"Séité, T",0,1,0,0,1
"Sørum Falk, R",0,0,0,1,1
"Taborda, C",0,0,1,0,1
"Tabuenca, J",1,0,0,0,1
"Tachos, N",0,0,0,1,1
"Tae, C",0,0,1,0,1
"Tahseen, D",0,0,0,1,1
"Tai, E",0,0,0,1,1
"Taipale, H",0,0,0,1,1
"Tait, K",0,1,0,0,1
"Takahashi, S",0,0,1,0,1
"Takashima, A",0,0,1,0,1
"Takkouche, S",0,0,1,0,1
"Talapova, P",0,1,0,0,1
"Talisman, R",0,0,1,0,1
"Tamana, S",0,0,0,1,1
"Tan, A",0,0,0,1,1
"Tan, D",0,0,0,1,1
"Tanaka, K",0,0,1,0,1
"Tanca, L",0,0,0,1,1
"Taneja, S",0,0,0,1,1
"Tang, L",0,0,1,0,1
"Tang, M",0,0,0,1,1
"Tang, Y",0,1,0,0,1
"Taniguchi, T",0,0,1,0,1
"Tanjga, N",0,0,0,1,1
"Taraborrelli, M",0,0,1,0,1
"Tarasovsky, G",0,0,0,1,1
"Tarczy-Hornoch, P",0,1,0,0,1
"Tate, J",0,0,0,1,1
"Tate, S",0,0,1,0,1
"Tato, J",0,0,1,0,1
"Tavakoli, K",0,0,0,1,1
"Taveira-Gomes, T",0,0,1,0,1
"Taylor, D",0,1,0,0,1
"Taylor, P",0,0,1,0,1
"Tchertov, J",0,0,0,1,1
"Tching, R",0,0,1,0,1
"Tebé, C",0,0,1,0,1
"Tedla, Y",0,0,1,0,1
"Teeter, B",1,0,0,0,1
"Ten Brinke, A",0,0,1,0,1
"Tenenbaum, J",0,0,0,1,1
"Tenhunen, O",0,0,1,0,1
"Teo, D",0,0,0,1,1
"Terao, S",0,0,0,1,1
"Terrovitis, M",1,0,0,0,1
"Terry, M",0,0,1,0,1
"Tesch, F",0,0,1,0,1
"Teviotdale, R",0,0,0,1,1
"Thacker, D",0,0,1,0,1
"Thackeray, A",0,0,0,1,1
"Thakoor, K",0,0,0,1,1
"Thanh-Phuc, P",0,0,1,0,1
"The Vebis Hcw Ve Study Group, NA",0,0,1,0,1
"Theodoratou, E",0,0,0,1,1
"Theologitis, N",1,0,0,0,1
"Theophanous, S",0,0,0,1,1
"Theron, E",0,0,0,1,1
"Theys, K",0,0,1,0,1
"Thollot, R",0,0,0,1,1
"Thomas, J",0,0,1,0,1
"Thomas, M",0,0,1,0,1
"Thomas, N",0,0,1,0,1
"Thomas, T",0,0,1,0,1
"Thompson, A",0,0,0,1,1
"Thonnard, J",0,0,0,1,1
"Thoral, P",0,1,0,0,1
"Thygesen, J",0,0,1,0,1
"Tieskens, J",0,0,0,1,1
"Tignanelli, C",0,0,0,1,1
"Tilston, G",0,0,0,1,1
"Timmer, H",0,0,0,1,1
"Tjoa, M",0,0,1,0,1
"Tobed, M",0,0,1,0,1
"Todd, T",0,0,0,1,1
"Tomasini, D",0,0,1,0,1
"Tomlin, K",0,0,0,1,1
"Tomlinson, C",0,0,1,0,1
"Tomášik, R",0,1,0,0,1
"Tonna, J",0,0,0,1,1
"Topaz, M",0,0,1,0,1
"Topiwala, U",0,0,1,0,1
"Torabi, F",0,0,0,1,1
"Tornaritis, M",0,0,1,0,1
"Torres-Silva, E",0,0,1,0,1
"Tortopidis, G",0,0,0,1,1
"Toshev, D",0,0,0,1,1
"Toth, M",0,0,1,0,1
"Touré, V",0,0,0,1,1
"Traina, A",0,0,0,1,1
"Trama, A",0,0,1,0,1
"Tramma, L",0,0,0,1,1
"Tran, T",0,1,0,0,1
"Tran-Nguyen, T",1,0,0,0,1
"Trapani, D",1,0,0,0,1
"Tremblay, D",0,0,0,1,1
"Triep, K",0,0,0,1,1
"Triggiani, L",0,0,1,0,1
"Trinkley, K",0,0,0,1,1
"Tripathy, M",0,0,1,0,1
"Trofymenko, M",0,1,0,0,1
"Trucco, E",0,0,0,1,1
"Tryfinopoulou, K",0,0,1,0,1
"Trübe, L",0,0,0,1,1
"Tsakou, G",1,0,0,0,1
"Tsang, R",0,0,0,1,1
"Tsapepas, D",0,0,0,1,1
"Tseng, C",0,0,1,0,1
"Tsimtsiou, Z",0,0,1,0,1
"Tsinoremas, N",0,0,1,0,1
"Tsopra, R",0,0,0,1,1
"Tsou, C",1,0,0,0,1
"Tsui, E",0,0,1,0,1
"Tucker, E",0,0,0,1,1
"Turkmen, C",0,0,1,0,1
"Turqueza, K",0,0,1,0,1
"Twizere, C",0,0,0,1,1
"Törnroos, J",0,0,0,1,1
"Uhrich, C",0,0,0,1,1
"Unberath, P",0,0,0,1,1
"Ungaro, R",0,1,0,0,1
"Unsworth, H",0,0,1,0,1
"Urbano-Molina, C",0,1,0,0,1
"Urdiales, T",0,0,1,0,1
"Uribe, A",0,0,1,0,1
"Uribe, S",0,0,0,1,1
"Urovi, V",0,1,0,0,1
"Ussing, A",0,0,1,0,1
"Utumatwishima, J",0,0,0,1,1
"Uwimana, A",0,0,0,1,1
"Uwineza, A",0,0,0,1,1
"V Patterson, O",0,0,0,1,1
"Vacchi, E",0,0,0,1,1
"Vadsariya, A",0,0,0,1,1
"Vaillant, G",0,1,0,0,1
"Valachis, A",1,0,0,0,1
"Valadas Henriques, C",0,0,1,0,1
"Valdes, A",0,0,0,1,1
"Valduvieco, I",0,0,1,0,1
"Valentine, S",1,0,0,0,1
"Vallet, B",0,0,0,1,1
"Vallet, M",0,0,1,0,1
"Van Der Zwan, E",0,0,0,1,1
"Van Eygen, K",0,0,1,0,1
"Van Heiden, S",0,0,0,1,1
"Van Maanen, A",0,0,0,1,1
"Van Swieten, M",0,0,1,0,1
"Van Winzum, A",0,0,0,1,1
"Van de Sande, M",0,0,1,0,1
"Van den Bergh, R",0,0,1,0,1
"Vance, L",0,0,1,0,1
"Vandenberghe, F",0,0,1,0,1
"Vanderkerken, M",0,0,1,0,1
"Vandromme, M",0,0,1,0,1
"Vangala, U",0,0,0,1,1
"Vanhegan, S",0,0,1,0,1
"Vanitchanant, N",1,0,0,0,1
"Varghese, M",0,0,0,1,1
"Varkhedi, V",0,0,1,0,1
"Varley, C",0,0,1,0,1
"Varley, T",0,0,0,1,1
"Varma, S",0,0,0,1,1
"Varoquaux, G",0,0,0,1,1
"Varrassi, G",0,0,1,0,1
"Vasallo, C",0,0,0,1,1
"Vasilevsky, N",0,0,0,1,1
"Vatani, H",0,0,0,1,1
"Vaught, A",0,0,1,0,1
"Vaz, T",1,0,0,0,1
"Vazquez, S",0,0,1,0,1
"Veal, C",0,0,0,1,1
"Ved, M",0,1,0,0,1
"Veganzones Alonso-Cortés, J",0,1,0,0,1
"Vehkala, M",0,0,1,0,1
"Velarde, L",0,0,1,0,1
"Velasco, F",0,0,0,1,1
"Velez, G",0,0,1,0,1
"Veljkovic, N",0,0,1,0,1
"Venkatesh, A",0,0,0,1,1
"Verbei, L",0,0,0,1,1
"Verheyden, B",0,0,1,0,1
"Verleyen, D",0,0,1,0,1
"Verlingue, L",0,0,0,1,1
"Verloop, D",0,0,0,1,1
"Vermeulen, I",0,0,1,0,1
"Verpillat, P",1,0,0,0,1
"Verweij, S",0,0,1,0,1
"Vest, M",0,0,1,0,1
"Vettese, E",0,0,0,1,1
"Victor, W",0,0,1,0,1
"Vidal, A",0,0,0,1,1
"Vidlin, S",0,0,1,0,1
"Vie, J",0,0,0,1,1
"Vieland, V",0,0,0,1,1
"Vikhrak, M",0,1,0,0,1
"Villacampa, J",0,0,1,0,1
"Villarraga, V",0,0,1,0,1
"Visani, L",0,0,1,0,1
"Visca, M",0,0,1,0,1
"Viswanathan, K",0,0,0,1,1
"Vita, R",0,0,0,1,1
"Vivirito, A",0,0,1,0,1
"Vogel, M",0,0,0,1,1
"Vogelsang, R",0,0,1,0,1
"Volchenboum, S",0,0,1,0,1
"Volpe, S",0,0,1,0,1
"Volynski, M",0,0,0,1,1
"Vora, P",0,0,1,0,1
"Vorisek, C",0,0,0,1,1
"Vormstein, P",0,0,0,1,1
"Voutetakis, K",0,0,1,0,1
"Vrancic, J",0,0,1,0,1
"Vrijlandt, P",0,0,1,0,1
"Vujovic, A",0,0,1,0,1
"Vuković, J",0,0,1,0,1
"Wadwa, P",0,0,1,0,1
"Wadwa, R",0,0,1,0,1
"Wagener, H",1,0,0,0,1
"Wagholikar, K",0,1,0,0,1
"Wagner, H",0,0,0,1,1
"Wahlfors, T",0,0,1,0,1
"Walker, A",1,0,0,0,1
"Walker, C",0,0,0,1,1
"Walker, M",0,0,0,1,1
"Wallace, A",0,0,1,0,1
"Wallace, R",0,0,0,1,1
"Wallace, S",0,0,0,1,1
"Waltemath, D",0,0,0,1,1
"Walters, S",0,0,0,1,1
"Wan, Y",0,0,0,1,1
"Wand, H",0,0,1,0,1
"Wang, K",0,0,1,0,1
"Wang, M",0,0,0,1,1
"Wang, N",0,0,0,1,1
"Wang, Q",1,0,0,0,1
"Wang, R",0,0,1,0,1
"Wang-Silvanto, J",1,0,0,0,1
"Ward, H",0,0,0,1,1
"Wardi, G",1,0,0,0,1
"Wareham, N",0,0,1,0,1
"Wassermann, D",0,0,0,1,1
"Wattacheril, J",0,0,1,0,1
"Wauters, E",0,0,1,0,1
"Wayne, A",0,0,1,0,1
"Weatherston, D",0,0,0,1,1
"Weber, G",0,0,0,1,1
"Weber, I",0,0,1,0,1
"Weber, J",0,0,0,1,1
"Weber, Y",0,1,0,0,1
"Webster-Clark, M",0,0,0,1,1
"Weeks, J",0,0,0,1,1
"Weemers, J",0,0,1,0,1
"Weese, D",0,1,0,0,1
"Wegner, P",0,0,0,1,1
"Wei, M",0,0,1,0,1
"Wei, S",0,0,1,0,1
"Weibel, D",1,0,0,0,1
"Weidlich, H",0,0,0,1,1
"Weinberger Rosen, A",0,0,1,0,1
"Weiner, S",0,0,0,1,1
"Weiss, A",1,0,0,0,1
"Weiss, B",0,0,1,0,1
"Weiss, P",0,0,1,0,1
"Weisshof, R",0,0,1,0,1
"Wen, B",0,0,1,0,1
"Wen, C",0,1,0,0,1
"Wendl, C",0,0,0,1,1
"Wentworth, C",0,0,0,1,1
"Wenzel, M",0,0,0,1,1
"Werner, R",1,0,0,0,1
"West, D",0,0,0,1,1
"Westen, S",0,0,1,0,1
"Westhoff, C",0,0,1,0,1
"Westrich, K",1,0,0,0,1
"Wetherill, G",0,0,0,1,1
"Whalen, E",1,0,0,0,1
"Whetzel, P",0,0,0,1,1
"Whitaker, M",0,0,0,1,1
"White, L",0,0,1,0,1
"White, T",0,0,0,1,1
"Whitehouse, M",0,0,1,0,1
"Whooley, M",0,0,0,1,1
"Widschwendter, M",0,0,0,1,1
"Wieand, K",0,0,0,1,1
"Wieler, L",0,1,0,0,1
"Wiener, Y",0,0,1,0,1
"Wiesendanger, N",0,0,1,0,1
"Wiesmüller, F",0,1,0,0,1
"Wiess, C",0,0,1,0,1
"Wilde, M",0,0,1,0,1
"Wilemon, K",0,0,1,0,1
"Wiley, L",0,0,0,1,1
"Wilhelm, M",0,0,0,1,1
"Wilk, S",0,0,0,1,1
"Wilkins, K",1,0,0,0,1
"Willame, C",0,0,1,0,1
"Willett, D",0,0,0,1,1
"Williams, N",0,0,0,1,1
"Wilson, J",0,1,0,0,1
"Wilson, O",0,0,1,0,1
"Wing, Y",0,0,1,0,1
"Winkler, S",0,1,0,0,1
"Winnenburg, R",1,0,0,0,1
"Winter, A",0,0,0,1,1
"Wiper, O",0,1,0,0,1
"Wirth, F",0,1,0,0,1
"Wolf, A",0,0,0,1,1
"Wolf, B",0,0,0,1,1
"Wolf, M",0,0,1,0,1
"Wolfson, C",0,0,0,1,1
"Wolking, S",0,1,0,0,1
"Wolock, C",1,0,0,0,1
"Woloff, J",0,0,1,0,1
"Wolters, F",0,0,0,1,1
"Wong, H",0,0,0,1,1
"Wong, R",1,0,0,0,1
"Woo, J",0,0,0,1,1
"Woo, Y",0,0,0,1,1
"Wood, A",0,0,1,0,1
"Wood, I",0,0,1,0,1
"Wood, W",0,0,0,1,1
"Woodcock, J",1,0,0,0,1
"Woodruff, H",0,0,1,0,1
"Wooller, S",0,0,1,0,1
"Worthey, E",1,0,0,0,1
"Wu, F",0,0,1,0,1
"Wu, G",0,0,0,1,1
"Wu, H",0,0,0,1,1
"Wu, J",0,0,1,0,1
"Wu, P",0,0,0,1,1
"Wu, R",0,0,1,0,1
"Wu, W",0,0,0,1,1
"Wulff, R",0,0,0,1,1
"Wykoff, C",0,0,1,0,1
"Wyrwa, J",0,0,0,1,1
"Xiang, Z",0,0,0,1,1
"Xiao, G",0,0,0,1,1
"Xiao, X",1,0,0,0,1
"Xing, F",0,0,1,0,1
"Xing, Y",0,0,1,0,1
"Xu, C",1,0,0,0,1
"Xu, J",0,1,0,0,1
"Xu, X",0,0,1,0,1
"Yadavalli, M",0,0,1,0,1
"Yahi, A",0,0,1,0,1
"Yakubov, R",0,0,1,0,1
"Yamada, M",0,0,1,0,1
"Yamamoto, N",0,0,1,0,1
"Yamashita, S",0,0,1,0,1
"Yamashita, T",0,0,0,1,1
"Yan, C",1,0,0,0,1
"Yan, Y",0,0,1,0,1
"Yang, D",0,0,1,0,1
"Yang, P",0,0,0,1,1
"Yang, X",0,0,1,0,1
"Yankam, B",0,0,0,1,1
"Yannicelli, D",1,0,0,0,1
"Yasinska, V",0,0,1,0,1
"Yasuda, T",0,0,1,0,1
"Ye, Y",0,1,0,0,1
"Yee, J",0,0,1,0,1
"Yefet, E",0,0,1,0,1
"Yeh, F",0,0,0,1,1
"Yen, S",0,0,1,0,1
"Yeow, J",0,0,1,0,1
"Yesakov, E",0,0,0,1,1
"Yi, H",0,1,0,0,1
"Yi, K",0,0,1,0,1
"Yi, W",0,0,1,0,1
"Yiangou, K",0,0,0,1,1
"Yilmaz, B",0,0,1,0,1
"Yimer, B",0,0,1,0,1
"Yin Hui Lai, L",0,0,1,0,1
"Yin, Y",0,0,1,0,1
"Yoo, H",0,0,0,1,1
"Yoo, K",0,0,1,0,1
"Yoo, M",0,0,1,0,1
"Yoo, W",0,0,1,0,1
"Yoon, K",0,0,0,1,1
"Yoon, M",0,0,1,0,1
"Yoshikawa-Ryan, K",0,0,1,0,1
"Yost, E",0,0,1,0,1
"Young, H",0,0,0,1,1
"Young, P",0,0,1,0,1
"Yu, E",0,0,1,0,1
"Yu, F",0,0,0,1,1
"Yu, L",1,0,0,0,1
"Yu, T",1,0,0,0,1
"Yu, Z",0,0,0,1,1
"Yuan, Q",0,0,1,0,1
"Yue, Y",1,0,0,0,1
"Yuen-Chun Teoh, J",1,0,0,0,1
"Yuksel, M",0,0,0,1,1
"Yum, K",0,0,1,0,1
"Yum, S",0,0,1,0,1
"Zachariadou, M",0,0,1,0,1
"Zachariah, P",0,0,1,0,1
"Zahid, J",0,0,1,0,1
"Zahner, J",0,0,0,1,1
"Zai, A",0,0,0,1,1
"Zambarano, B",0,0,0,1,1
"Zambelli, A",0,0,0,1,1
"Zambon, M",0,0,1,0,1
"Zanetti, I",0,0,1,0,1
"Zeimpekis, D",0,0,0,1,1
"Zekarias, A",0,0,1,0,1
"Zelnis, J",0,1,0,0,1
"Zemplényi, A",0,0,0,1,1
"Zeng, P",1,0,0,0,1
"Zerbe, N",0,0,1,0,1
"Zhai, C",0,0,1,0,1
"Zhang, J",0,0,1,0,1
"Zhang, M",0,0,0,1,1
"Zhang, N",0,0,0,1,1
"Zhang, P",0,1,0,0,1
"Zhao, B",0,0,0,1,1
"Zhao, J",0,0,0,1,1
"Zhen, W",0,0,1,0,1
"Zhong, Y",0,0,0,1,1
"Zhou, F",0,0,0,1,1
"Zhou, L",1,0,0,0,1
"Zhu, D",0,0,1,0,1
"Zhu, G",0,0,1,0,1
"Ziant, S",0,0,1,0,1
"Ziegl, A",0,0,0,1,1
"Zielinski, E",0,0,0,1,1
"Zijlmans, J",0,0,0,1,1
"Zisser, M",1,0,0,0,1
"Zitnik, M",1,0,0,0,1
"Zonfrillo, M",0,0,1,0,1
"Zong, J",1,0,0,0,1
"Zou, Y",1,0,0,0,1
"Zounemat Kermani, N",0,0,1,0,1
"Zrounba, P",0,0,1,0,1
"Zsuzsa Kiss, L",0,0,1,0,1
"Zöller, D",0,1,0,0,1
"Zúquete, A",0,1,0,0,1
"da Silva, H",0,0,1,0,1
"da Villa, S",0,0,0,1,1
"de Abreu Moreira, D",0,0,0,1,1
"de Barros Vanzin, V",0,0,0,1,1
"de Cid, R",0,0,0,1,1
"de Sousa, F",0,0,0,1,1
"de Veer, B",0,1,0,0,1
"de Vogel, S",0,0,1,0,1
"den Otter, S",0,1,0,0,1
"van Ballegooijen, H",0,0,1,0,1
"van Beek, E",0,0,0,1,1
"van Klaveren, D",1,0,0,0,1
"van Oers, H",0,0,0,1,1
"van Steirteghem, D",0,0,0,1,1
"van Vaerenbergh, F",0,0,1,0,1
"van den Brand, J",0,0,0,1,1
"van der Doelen, D",0,0,0,1,1
"van der Graaff, F",0,0,0,1,1
"van der Landen, S",0,0,0,1,1
"von Berlin, L",0,0,0,1,1
"von Bülow, C",0,0,1,0,1
"von Gerich, H",0,0,0,1,1
"von Ziegenweidt, J",0,0,0,1,1
"Álvarez-Pérez, S",0,1,0,0,1
"Åsvold, B",0,0,1,0,1
"Österle, S",0,0,0,1,1
"Østby, J",0,0,0,1,1
"Ückert, F",0,0,0,1,1
"Üresin, A",0,0,1,0,1
"Ćupurdija, V",0,0,1,0,1
"Čavlina, M",0,0,1,0,1
